source,target,osmid,name,oneway,reversed,length,highway,lanes,name,junction,geometry,access,service,landuse,tunnel,width
445366811,8464054126,37933050,Nhà hát Lớn,False,True,6.998,,,Nhà hát Lớn,,,,,,,
445366811,8452422372,37933050,Nhà hát Lớn,False,False,46.471000000000004,,,Nhà hát Lớn,,"LINESTRING (105.8574015 21.0240706, 105.8576056 21.0240175, 105.857611 21.0240353, 105.8578189 21.0239805)",,,,,
445366811,8452422406,911561445,,False,False,13.81,,,,,"LINESTRING (105.8574015 21.0240706, 105.8574646 21.0240541, 105.8574828 21.0241148)",,,,,
445366816,8464054121,37933050,Nhà hát Lớn,False,False,7.152,,,Nhà hát Lớn,,,,,,,
445366816,8464054123,37933050,Nhà hát Lớn,False,True,6.857,,,Nhà hát Lớn,,,,,,,
445371191,445371192,37933256,Bảo tàng Lịch sử Quốc gia Việt Nam,False,False,105.549,,,Bảo tàng Lịch sử Quốc gia Việt Nam,,,,,commercial,,
445371191,6644037903,838172054,Quân khu Thủ Đô,False,True,11.497,,,Quân khu Thủ Đô,,,,,military,,
445371192,445371191,37933256,Bảo tàng Lịch sử Quốc gia Việt Nam,False,True,105.549,,,Bảo tàng Lịch sử Quốc gia Việt Nam,,,,,commercial,,
445371192,9044763376,838172054,Quân khu Thủ Đô,False,False,338.027,,,Quân khu Thủ Đô,,,,,military,,
445373568,8004078463,37933426,,False,False,8.511,,,,,,,,,,
445373568,6053037213,37933426,,False,True,27.332,,,,,,,,,,
445373568,8004078454,858616440,International Centre,False,True,5.449,,,International Centre,,,,,,,
445373568,445373573,910882959,,False,False,80.072,,,,,,,,,,
445373569,445373570,37933426,,False,False,93.364,,,,,,,,,,
445373569,8004078456,37933426,,False,True,3.865,,,,,,,,,,
445373569,8004078451,858616440,International Centre,False,False,54.659000000000006,,,International Centre,,"LINESTRING (105.8554081 21.0251926, 105.8553382 21.0249803, 105.855341 21.0249594, 105.8553485 21.0249446, 105.8553671 21.0249306, 105.8555818 21.0248688)",,,,,
445373570,4533474001,37933426,,False,False,16.35,,,,,,,,,,
445373570,445373569,37933426,,False,True,93.364,,,,,,,,,,
445373571,4533473989,37933426,,False,False,71.956,,,,,,,,,,
445373571,8458182584,37933426,,False,True,15.739,,,,,,,,,,
445373572,8458182583,37933426,,False,False,5.256,,,,,,,,,,
445373572,4533473991,37933426,,False,True,18.084,,,,,,,,,,
445373573,6053037213,37933426,,False,False,52.741,,,,,,,,,,
445373573,445373568,910882959,,False,True,80.072,,,,,,,,,,
445373573,8458182583,37933426,,False,True,48.769999999999996,,,,,"LINESTRING (105.8557793 21.0258408, 105.8558797 21.0258126, 105.8558678 21.0257755, 105.8561776 21.0256884)",,,,,
445373573,4533474003,910882959,,False,False,9.536,,,,,"LINESTRING (105.8557793 21.0258408, 105.8558051 21.0259217, 105.8558055 21.025923)",,,,,
993037701,8041615286,704159199,Cục Thông tin Khoa học và Công nghệ Quốc gia,False,True,15.063,,,Cục Thông tin Khoa học và Công nghệ Quốc gia,,,,,commercial,,
993037701,8041615285,704159199,Cục Thông tin Khoa học và Công nghệ Quốc gia,False,False,254.713,,,Cục Thông tin Khoa học và Công nghệ Quốc gia,,"LINESTRING (105.8532618 21.0226171, 105.8541104 21.0223739, 105.8542152 21.0226929, 105.8532621 21.0229656, 105.8532003 21.0227763)",,,commercial,,
2313983875,2313983877,222427943,Hotel de l'Opera Hanoi,False,False,32.546,,,Hotel de l'Opera Hanoi,,,,,,,
2313983875,8004078441,222427943,Hotel de l'Opera Hanoi,False,True,80.4,,,Hotel de l'Opera Hanoi,,"LINESTRING (105.8556664 21.0242385, 105.8557976 21.0246511, 105.855497 21.0247343)",,,,,
2313983875,8004078439,467548006,Bộ Công thương,False,False,39.189,,,Bộ Công thương,,"LINESTRING (105.8556664 21.0242385, 105.8555622 21.0239245, 105.8555381 21.023932)",,,commercial,,
2313983877,8004078441,222427943,Hotel de l'Opera Hanoi,False,False,47.847,,,Hotel de l'Opera Hanoi,,,,,,,
2313983877,2313983875,222427943,Hotel de l'Opera Hanoi,False,True,32.546,,,Hotel de l'Opera Hanoi,,,,,,,
2313983877,8004078443,858616439,,False,True,83.35300000000001,,,,,"LINESTRING (105.8553658 21.0243218, 105.8553556 21.0242944, 105.855114 21.0243644, 105.8552369 21.0247336, 105.8553279 21.0247822)",,,,,
4483634010,4483634013,451544215,Hilton Garden Inn Hanoi,False,True,26.387,,,Hilton Garden Inn Hanoi,,,,,,,
4483634010,8027379762,624201558,SeABank,False,False,6.439,,,SeABank,,,,,,,
4483634013,4483634010,451544215,Hilton Garden Inn Hanoi,False,False,26.387,,,Hilton Garden Inn Hanoi,,,,,,,
4483634013,8027379763,624201558,SeABank,False,True,6.469,,,SeABank,,,,,,,
4533473989,4533473990,37933426,,False,False,18.51,,,,,,,,,,
4533473989,445373571,37933426,,False,True,71.956,,,,,,,,,,
4533473990,4533473992,37933426,,False,False,22.29,,,,,,,,,,
4533473990,4533473989,37933426,,False,True,18.51,,,,,,,,,,
4533473991,445373572,37933426,,False,False,18.084,,,,,,,,,,
4533473991,4533473993,37933426,,False,True,3.983,,,,,,,,,,
4533473992,4533473994,37933426,,False,False,5.417,,,,,,,,,,
4533473992,4533473990,37933426,,False,True,22.29,,,,,,,,,,
4533473993,4533473991,37933426,,False,False,3.983,,,,,,,,,,
4533473993,4533473995,37933426,,False,True,18.137,,,,,,,,,,
4533473994,4533473996,37933426,,False,False,21.127,,,,,,,,,,
4533473994,4533473992,37933426,,False,True,5.417,,,,,,,,,,
4533473995,4533473993,37933426,,False,False,18.137,,,,,,,,,,
4533473995,4533473998,37933426,,False,True,7.54,,,,,,,,,,
4533473996,4533473997,37933426,,False,False,14.751,,,,,,,,,,
4533473996,4533473994,37933426,,False,True,21.127,,,,,,,,,,
4533473996,6053037213,643142345,Sofitel Legend Metropole Hà Nội,False,True,54.346,,,Sofitel Legend Metropole Hà Nội,,"LINESTRING (105.8561322 21.0252283, 105.8559383 21.0252931, 105.855686 21.0253704, 105.8556365 21.0253856)",,,commercial,,
4533473997,4533473998,37933426,,False,False,15.81,,,,,,,,,,
4533473997,4533473996,37933426,,False,True,14.751,,,,,,,,,,
4533473998,4533473995,37933426,,False,False,7.54,,,,,,,,,,
4533473998,4533473997,37933426,,False,True,15.81,,,,,,,,,,
4533474001,4533474003,37933426,,False,False,3.761,,,,,,,,,,
4533474001,445373570,37933426,,False,True,16.35,,,,,,,,,,
4533474001,4533474002,643142345,Sofitel Legend Metropole Hà Nội,False,True,9.898,,,Sofitel Legend Metropole Hà Nội,,,,,commercial,,
4533474002,8458182584,37933426,,False,False,34.321,,,,,,,,,,
4533474002,4533474001,643142345,Sofitel Legend Metropole Hà Nội,False,False,9.898,,,Sofitel Legend Metropole Hà Nội,,,,,commercial,,
4533474002,4533474003,37933426,,False,True,13.47,,,,,"LINESTRING (105.8559067 21.0259282, 105.8558968 21.0258974, 105.8558055 21.025923)",,,,,
4533474003,4533474001,37933426,,False,True,3.761,,,,,,,,,,
4533474003,4533474002,37933426,,False,False,13.47,,,,,"LINESTRING (105.8558055 21.025923, 105.8558968 21.0258974, 105.8559067 21.0259282)",,,,,
4533474003,445373573,910882959,,False,True,9.536,,,,,"LINESTRING (105.8558055 21.025923, 105.8558051 21.0259217, 105.8557793 21.0258408)",,,,,
4556303888,7736580251,704159203,Trường Đại học Dược Hà Nội,False,False,5.583,,,Trường Đại học Dược Hà Nội,,,,,,,
4556303888,4556303893,704159203,Trường Đại học Dược Hà Nội,False,True,11.46,,,Trường Đại học Dược Hà Nội,,,,,,,
4556303893,4556303888,704159203,Trường Đại học Dược Hà Nội,False,False,11.46,,,Trường Đại học Dược Hà Nội,,,,,,,
4556303893,7736580250,704159203,Trường Đại học Dược Hà Nội,False,True,2.603,,,Trường Đại học Dược Hà Nội,,,,,,,
4590730102,4590730103,463866415,Tòa nhà Công ty Tem Việt Nam,False,False,11.527,,,Tòa nhà Công ty Tem Việt Nam,,,,,,,
4590730102,8050739818,864177605,,False,False,39.641,,,,,"LINESTRING (105.8576358 21.0196349, 105.8576615 21.0197002, 105.85748 21.0197611, 105.8574413 21.0196605)",,,,,
4590730103,4590730102,463866415,Tòa nhà Công ty Tem Việt Nam,False,True,11.527,,,Tòa nhà Công ty Tem Việt Nam,,,,,,,
4590730103,8050739816,864177605,,False,True,20.114,,,,,,,,,,
5753234221,6611718004,1087647924,,False,False,35.414,,,,,,,,,,
5753234221,9965351607,1087647924,,False,True,2.893,,,,,,,,,,
5894328671,8027379761,624201558,SeABank,False,False,16.288,,,SeABank,,,,,,,
5894328671,8027379762,624201558,SeABank,False,True,21.737,,,SeABank,,,,,,,
5894328672,8027379763,624201558,SeABank,False,False,11.039,,,SeABank,,,,,,,
5894328672,8027379761,624201558,SeABank,False,True,14.642,,,SeABank,,,,,,,
6053037213,445373568,37933426,,False,False,27.332,,,,,,,,,,
6053037213,445373573,37933426,,False,True,52.741,,,,,,,,,,
6053037213,4533473996,643142345,Sofitel Legend Metropole Hà Nội,False,False,54.346000000000004,,,Sofitel Legend Metropole Hà Nội,,"LINESTRING (105.8556365 21.0253856, 105.855686 21.0253704, 105.8559383 21.0252931, 105.8561322 21.0252283)",,,commercial,,
6352368469,9247843727,1001979396,,False,False,286.81399999999996,,,,,"LINESTRING (105.851618 21.0182728, 105.8519903 21.0182123, 105.8522116 21.0188035, 105.8523911 21.0187243, 105.8527107 21.0186607, 105.8526657 21.0183963, 105.8529489 21.0183619, 105.853418 21.0183008, 105.8534767 21.0184226)",,,,,
6611717984,6611717991,704147263,Opera Business Centre,False,False,4.017,,,Opera Business Centre,,,,,,,
6611717984,9965351574,704147263,Opera Business Centre,False,True,3.55,,,Opera Business Centre,,,,,,,
6611717985,9965351574,704147263,Opera Business Centre,False,False,19.238,,,Opera Business Centre,,,,,,,
6611717985,9965351577,704147263,Opera Business Centre,False,True,19.114,,,Opera Business Centre,,,,,,,
6611717985,9965351582,1087647920,,False,False,10.141,,,,,,,,,,
6611717986,9965351580,704147263,Opera Business Centre,False,False,5.451,,,Opera Business Centre,,,,,,,
6611717986,9965351582,704147263,Opera Business Centre,False,True,15.399,,,Opera Business Centre,,,,,,,
6611717988,9965351582,704147263,Opera Business Centre,False,False,22.868,,,Opera Business Centre,,,,,,,
6611717988,9965351575,704147263,Opera Business Centre,False,True,15.18,,,Opera Business Centre,,,,,,,
6611717991,6611717992,704147263,Opera Business Centre,False,False,15.026,,,Opera Business Centre,,,,,,,
6611717991,6611717984,704147263,Opera Business Centre,False,True,4.017,,,Opera Business Centre,,,,,,,
6611717992,9965351576,704147263,Opera Business Centre,False,False,3.436,,,Opera Business Centre,,,,,,,
6611717992,6611717991,704147263,Opera Business Centre,False,True,15.026,,,Opera Business Centre,,,,,,,
6611718000,6611718001,1087647924,,False,False,1.88,,,,,,,,,,
6611718000,6611718006,1087647924,,False,True,23.346,,,,,,,,,,
6611718001,9965351608,1087647924,,False,False,2.532,,,,,,,,,,
6611718001,6611718000,1087647924,,False,True,1.88,,,,,,,,,,
6611718004,9965351605,1087647923,Sở Giao dịch Chứng khoán Hà Nội,False,False,5.831,,,Sở Giao dịch Chứng khoán Hà Nội,,,,,,,
6611718004,9965351609,1087647923,Sở Giao dịch Chứng khoán Hà Nội,False,True,6.433,,,Sở Giao dịch Chứng khoán Hà Nội,,,,,,,
6611718004,5753234221,1087647924,,False,True,35.414,,,,,,,,,,
6611718005,9965351609,1087647923,Sở Giao dịch Chứng khoán Hà Nội,False,False,23.326,,,Sở Giao dịch Chứng khoán Hà Nội,,,,,,,
6611718005,9965351604,1087647923,Sở Giao dịch Chứng khoán Hà Nội,False,True,3.05,,,Sở Giao dịch Chứng khoán Hà Nội,,,,,,,
6611718005,9965351610,1087647924,,False,False,35.645,,,,,,,,,,
6611718006,6611718000,1087647924,,False,False,23.346,,,,,,,,,,
6611718006,9965351610,1087647924,,False,True,5.434,,,,,,,,,,
6611718737,6611718738,704147378,Trường THCS Trưng Vương,False,True,16.629,,,Trường THCS Trưng Vương,,,,,,,
6611718738,6611718737,704147378,Trường THCS Trưng Vương,False,False,16.629,,,Trường THCS Trưng Vương,,,,,,,
6611773894,6611773895,704153610,Rạp Công Nhân,False,True,44.206,,,Rạp Công Nhân,,,,,,,
6611773895,6611773894,704153610,Rạp Công Nhân,False,False,44.206,,,Rạp Công Nhân,,,,,,,
6611833201,6611833209,704159202,Sun Red River,False,False,38.0,,,Sun Red River,,,,,,,
6611833201,6611833202,704159202,Sun Red River,False,True,4.42,,,Sun Red River,,,,,,,
6611833201,6611833206,1210768372,,False,False,39.595,,,,,,,,,,
6611833202,6611833201,704159202,Sun Red River,False,False,4.42,,,Sun Red River,,,,,,,
6611833202,6611833203,704159202,Sun Red River,False,True,14.774,,,Sun Red River,,,,,,,
6611833203,6611833202,704159202,Sun Red River,False,False,14.774,,,Sun Red River,,,,,,,
6611833203,8027379768,704159202,Sun Red River,False,True,4.745,,,Sun Red River,,,,,,,
6611833204,11217947393,704159202,Sun Red River,False,False,6.018,,,Sun Red River,,,,,,,
6611833204,6611833205,704159202,Sun Red River,False,True,15.9,,,Sun Red River,,,,,,,
6611833205,6611833204,704159202,Sun Red River,False,False,15.9,,,Sun Red River,,,,,,,
6611833205,6611833206,704159202,Sun Red River,False,True,18.312,,,Sun Red River,,,,,,,
6611833206,6611833205,704159202,Sun Red River,False,False,18.312,,,Sun Red River,,,,,,,
6611833206,6611833207,704159202,Sun Red River,False,True,37.66,,,Sun Red River,,,,,,,
6611833206,6611833201,1210768372,,False,True,39.595,,,,,,,,,,
6611833207,6611833206,704159202,Sun Red River,False,False,37.66,,,Sun Red River,,,,,,,
6611833207,6611833208,704159202,Sun Red River,False,True,21.106,,,Sun Red River,,,,,,,
6611833208,6611833207,704159202,Sun Red River,False,False,21.106,,,Sun Red River,,,,,,,
6611833208,6611833209,704159202,Sun Red River,False,True,22.65,,,Sun Red River,,,,,,,
6611833209,6611833208,704159202,Sun Red River,False,False,22.65,,,Sun Red River,,,,,,,
6611833209,6611833201,704159202,Sun Red River,False,True,38.0,,,Sun Red River,,,,,,,
6611833212,6611833217,704159203,Trường Đại học Dược Hà Nội,False,False,18.607,,,Trường Đại học Dược Hà Nội,,,,,,,
6611833212,6611833241,704159203,Trường Đại học Dược Hà Nội,False,True,73.246,,,Trường Đại học Dược Hà Nội,,,,,,,
6611833217,8050739873,704159203,Trường Đại học Dược Hà Nội,False,False,2.025,,,Trường Đại học Dược Hà Nội,,,,,,,
6611833217,6611833212,704159203,Trường Đại học Dược Hà Nội,False,True,18.607,,,Trường Đại học Dược Hà Nội,,,,,,,
6611833217,8050739869,704159204,Trường Đại học Khoa học Tự nhiên - Khoa Hoá,False,True,16.949,,,Trường Đại học Khoa học Tự nhiên - Khoa Hoá,,,,,,,
6611833218,8050739869,704159204,Trường Đại học Khoa học Tự nhiên - Khoa Hoá,False,False,22.713,,,Trường Đại học Khoa học Tự nhiên - Khoa Hoá,,,,,,,
6611833218,8050739868,864177616,,False,True,3.321,,,,,,,,,,
6611833218,8050739859,704159204,Trường Đại học Khoa học Tự nhiên - Khoa Hoá,False,True,8.686,,,Trường Đại học Khoa học Tự nhiên - Khoa Hoá,,"LINESTRING (105.8587203 21.0201873, 105.8587014 21.0202364, 105.8586751 21.020228)",,,,,
6611833220,8050739859,704159204,Trường Đại học Khoa học Tự nhiên - Khoa Hoá,False,False,15.969,,,Trường Đại học Khoa học Tự nhiên - Khoa Hoá,,,,,,,
6611833220,6611833242,704159204,Trường Đại học Khoa học Tự nhiên - Khoa Hoá,False,True,119.208,,,Trường Đại học Khoa học Tự nhiên - Khoa Hoá,,,,,,,
6611833220,8050739860,864177613,Trung tâm Hội nghị Giáo dục,False,False,21.41,,,Trung tâm Hội nghị Giáo dục,,"LINESTRING (105.8585274 21.0201878, 105.8585799 21.0200198, 105.8585959 21.020029)",,,,,
6611833241,6611833212,704159203,Trường Đại học Dược Hà Nội,False,False,73.246,,,Trường Đại học Dược Hà Nội,,,,,,,
6611833241,7736580251,704159203,Trường Đại học Dược Hà Nội,False,True,65.335,,,Trường Đại học Dược Hà Nội,,,,,,,
6611833242,7736580260,704159203,Trường Đại học Dược Hà Nội,False,False,60.53,,,Trường Đại học Dược Hà Nội,,,,,,,
6611833242,9966134300,704159203,Trường Đại học Dược Hà Nội,False,True,2.641,,,Trường Đại học Dược Hà Nội,,,,,,,
6611833242,6611833220,704159204,Trường Đại học Khoa học Tự nhiên - Khoa Hoá,False,False,119.208,,,Trường Đại học Khoa học Tự nhiên - Khoa Hoá,,,,,,,
6644037903,445371191,838172054,Quân khu Thủ Đô,False,False,11.497,,,Quân khu Thủ Đô,,,,,military,,
6644037903,7822814654,838172054,Quân khu Thủ Đô,False,True,166.62199999999999,,,Quân khu Thủ Đô,,"LINESTRING (105.859536 21.023253, 105.8599601 21.0218883, 105.8598823 21.0218612)",,,military,,
6685594245,6685594246,711140637,Petrolimex,False,False,19.37,,,Petrolimex,,"LINESTRING (105.8581842 21.0191635, 105.8582135 21.0191621, 105.8582067 21.0190424, 105.8581779 21.0190442)",,,,,
6685594246,6685594245,711140637,Petrolimex,False,False,28.305,,,Petrolimex,,"LINESTRING (105.8581779 21.0190442, 105.8581056 21.0190474, 105.8581124 21.0191671, 105.8581842 21.0191635)",,,,,
6689794091,7736580234,838172054,Quân khu Thủ Đô,False,False,380.516,,,Quân khu Thủ Đô,,"LINESTRING (105.8612226 21.0185937, 105.8610631 21.0185594, 105.8610008 21.0184933, 105.8598372 21.018862, 105.8598557 21.0189032, 105.8602315 21.0190167, 105.8598099 21.020331, 105.8595554 21.0202569)",,,military,,
6689794091,7822814658,838172054,Quân khu Thủ Đô,False,True,140.402,,,Quân khu Thủ Đô,,"LINESTRING (105.8612226 21.0185937, 105.8613727 21.0186268, 105.8614735 21.0185621, 105.8616148 21.0185857, 105.8617028 21.0187328, 105.8615171 21.0194131)",,,military,,
6798156540,8004078469,724859215,Institut Français,False,False,12.898,,,Institut Français,,,,,,,
6798156540,6798156550,724859215,Institut Français,False,True,22.864,,,Institut Français,,,,,,,
6798156540,8004078451,858616443,,False,True,22.758,,,,,"LINESTRING (105.8557912 21.0248081, 105.8556261 21.024856, 105.8555818 21.0248688)",,,,,
6798156550,6798156540,724859215,Institut Français,False,False,22.864,,,Institut Français,,,,,,,
6798156550,8004095592,724859215,Institut Français,False,True,13.549,,,Institut Français,,,,,,,
6907074683,6907090986,737712421,,False,False,10.337,,,,,,,,,,
6907074683,6907074684,737712421,,False,True,8.938,,,,,,,,,,
6907074684,6907074683,737712421,,False,False,8.938,,,,,,,,,,
6907074684,6907090985,737712421,,False,True,10.337,,,,,,,,,,
6907090985,6907090986,737712420,,False,False,8.938,,,,,,,,,,
6907090985,6907074684,737712421,,False,False,10.337,,,,,,,,,,
6907090986,6907090985,737712420,,False,True,8.938,,,,,,,,,,
6907090986,6907074683,737712421,,False,True,10.337,,,,,,,,,,
7736580234,7822814653,704159203,Trường Đại học Dược Hà Nội,False,False,161.321,,,Trường Đại học Dược Hà Nội,,,,,,,
7736580234,8050739871,704159203,Trường Đại học Dược Hà Nội,False,True,24.439,,,Trường Đại học Dược Hà Nội,,,,,,,
7736580234,6689794091,838172054,Quân khu Thủ Đô,False,True,380.516,,,Quân khu Thủ Đô,,"LINESTRING (105.8595554 21.0202569, 105.8598099 21.020331, 105.8602315 21.0190167, 105.8598557 21.0189032, 105.8598372 21.018862, 105.8610008 21.0184933, 105.8610631 21.0185594, 105.8612226 21.0185937)",,,military,,
7736580235,8050739871,704159203,Trường Đại học Dược Hà Nội,False,False,20.833,,,Trường Đại học Dược Hà Nội,,,,,,,
7736580235,8050739874,704159203,Trường Đại học Dược Hà Nội,False,True,4.024,,,Trường Đại học Dược Hà Nội,,,,,,,
7736580250,4556303893,704159203,Trường Đại học Dược Hà Nội,False,False,2.603,,,Trường Đại học Dược Hà Nội,,,,,,,
7736580250,7736580260,704159203,Trường Đại học Dược Hà Nội,False,True,12.477,,,Trường Đại học Dược Hà Nội,,,,,,,
7736580251,6611833241,704159203,Trường Đại học Dược Hà Nội,False,False,65.335,,,Trường Đại học Dược Hà Nội,,,,,,,
7736580251,4556303888,704159203,Trường Đại học Dược Hà Nội,False,True,5.583,,,Trường Đại học Dược Hà Nội,,,,,,,
7736580260,7736580250,704159203,Trường Đại học Dược Hà Nội,False,False,12.477,,,Trường Đại học Dược Hà Nội,,,,,,,
7736580260,6611833242,704159203,Trường Đại học Dược Hà Nội,False,True,60.53,,,Trường Đại học Dược Hà Nội,,,,,,,
7771967132,7771969448,832454992,,False,True,381.228,,,,,,,,,,
7771969448,7771967132,832454992,,False,False,381.228,,,,,,,,,,
7771969448,7771969548,832454976,,False,True,920.7,,,,,"LINESTRING (105.8601913 21.0249863, 105.8596583 21.0250014, 105.8582993 21.0247211, 105.8586426 21.0234718, 105.8572266 21.0236883, 105.8576225 21.0223998, 105.8560798 21.0228028, 105.8559993 21.0225446, 105.855232 21.022765)",,,,,
7771969448,9247843761,832455042,,False,True,745.1379999999999,,,,,"LINESTRING (105.8601913 21.0249863, 105.8606733 21.0235608, 105.8611149 21.0224093, 105.8614819 21.0212935, 105.8620546 21.0185286)",,,,,
7771969548,7771969448,832454976,,False,False,920.6999999999999,,,,,"LINESTRING (105.855232 21.022765, 105.8559993 21.0225446, 105.8560798 21.0228028, 105.8576225 21.0223998, 105.8572266 21.0236883, 105.8586426 21.0234718, 105.8582993 21.0247211, 105.8596583 21.0250014, 105.8601913 21.0249863)",,,,,
7771969548,7771969605,832455009,,False,True,861.2890000000002,,,,,"LINESTRING (105.855232 21.022765, 105.8549016 21.0228646, 105.8550344 21.0231767, 105.8546098 21.0232915, 105.8547372 21.0236698, 105.8541453 21.0238318, 105.8539218 21.0231306, 105.8534094 21.0232924, 105.8535711 21.0237246, 105.8528365 21.0239264, 105.8527834 21.0237079, 105.8519597 21.0238526, 105.8518951 21.0236721, 105.8516042 21.023746, 105.8517031 21.0240563, 105.8507416 21.0243746, 105.850565 21.0238628)",,,,,
7771969548,9247843727,832455029,,False,False,758.2629999999999,,,,,"LINESTRING (105.855232 21.022765, 105.8549805 21.022028, 105.8542786 21.0222301, 105.8540573 21.0215816, 105.8546143 21.0214252, 105.8544495 21.0210618, 105.8539878 21.0199027, 105.8540793 21.0198713, 105.8540317 21.0197015, 105.8539862 21.0195432, 105.8537865 21.0193411, 105.853606 21.0190078, 105.8532475 21.019184, 105.8530766 21.0186217, 105.8533107 21.018538, 105.853291 21.0185049, 105.8534767 21.0184226)",,,,,
7771969605,7771969548,832455009,,False,False,861.289,,,,,"LINESTRING (105.850565 21.0238628, 105.8507416 21.0243746, 105.8517031 21.0240563, 105.8516042 21.023746, 105.8518951 21.0236721, 105.8519597 21.0238526, 105.8527834 21.0237079, 105.8528365 21.0239264, 105.8535711 21.0237246, 105.8534094 21.0232924, 105.8539218 21.0231306, 105.8541453 21.0238318, 105.8547372 21.0236698, 105.8546098 21.0232915, 105.8550344 21.0231767, 105.8549016 21.0228646, 105.855232 21.022765)",,,,,
7771969616,9247843755,832455087,,False,False,791.686,,,,,"LINESTRING (105.8610925 21.0126561, 105.8609951 21.0130797, 105.8601172 21.0135852, 105.8599677 21.0135739, 105.8587169 21.0190341)",,,,,
7821985270,7821985275,838072701,,False,True,19.121,,,,,,,,,,
7821985270,7821985272,838072701,,False,False,57.994,,,,,"LINESTRING (105.8604226 21.0181686, 105.8608946 21.0182633, 105.8609106 21.018194)",,,,,
7821985270,11268532871,838072704,,False,True,25.679,,,,,"LINESTRING (105.8604226 21.0181686, 105.8603864 21.0183185, 105.8603055 21.0183021)",,,,,
7821985272,7821985273,838072701,,False,False,15.728,,,,,,,,,,
7821985272,7821985270,838072701,,False,True,57.994,,,,,"LINESTRING (105.8609106 21.018194, 105.8608946 21.0182633, 105.8604226 21.0181686)",,,,,
7821985273,7821985272,838072701,,False,True,15.728,,,,,,,,,,
7821985273,7821985275,838072701,,False,False,43.71,,,,,"LINESTRING (105.8608725 21.0180571, 105.860814 21.0180713, 105.8604614 21.0180005)",,,,,
7821985275,7821985270,838072701,,False,False,19.121,,,,,,,,,,
7821985275,7821985273,838072701,,False,True,43.71,,,,,"LINESTRING (105.8604614 21.0180005, 105.860814 21.0180713, 105.8608725 21.0180571)",,,,,
7821985275,7821994931,838072704,,False,False,46.57,,,,,"LINESTRING (105.8604614 21.0180005, 105.8605099 21.017797, 105.8605422 21.0176618, 105.8604671 21.0176462)",,,,,
7821985278,10142026283,218631146,Bệnh viện Trung ương Quân đội 108,False,False,18.905,,,Bệnh viện Trung ương Quân đội 108,,,,,,,
7821985278,10142026287,1108445914,,False,True,12.187,,,,,,,,,,
7821985280,7821985281,838072703,,False,False,16.126,,,,,,,,,,
7821985280,7821985283,838072703,,False,True,66.565,,,,,,,,,,
7821985280,7822014931,838072704,,False,False,3.371,,,,,,,,,,
7821985281,7821985280,838072703,,False,True,16.126,,,,,,,,,,
7821985281,7822014922,838072703,,False,False,77.527,,,,,"LINESTRING (105.8602799 21.0179968, 105.8596538 21.0178636, 105.8596313 21.0179591)",,,,,
7821985281,7821994931,838072704,,False,True,52.86900000000001,,,,,"LINESTRING (105.8602799 21.0179968, 105.8602905 21.0179519, 105.8603673 21.0176256, 105.8604671 21.0176462)",,,,,
7821985283,7821985280,838072703,,False,False,66.565,,,,,,,,,,
7821985283,7822014922,838072703,,False,True,5.267,,,,,,,,,,
7821985284,11268532871,838072704,,False,False,10.088,,,,,,,,,,
7821985284,7822014931,838072704,,False,True,12.939,,,,,,,,,,
7821994931,7821985281,838072704,,False,False,52.86900000000001,,,,,"LINESTRING (105.8604671 21.0176462, 105.8603673 21.0176256, 105.8602905 21.0179519, 105.8602799 21.0179968)",,,,,
7821994931,7821985275,838072704,,False,True,46.57,,,,,"LINESTRING (105.8604671 21.0176462, 105.8605422 21.0176618, 105.8605099 21.017797, 105.8604614 21.0180005)",,,,,
7822014922,7821985283,838072703,,False,False,5.267,,,,,,,,,,
7822014922,7821985281,838072703,,False,True,77.527,,,,,"LINESTRING (105.8596313 21.0179591, 105.8596538 21.0178636, 105.8602799 21.0179968)",,,,,
7822014931,7821985284,838072704,,False,False,12.939,,,,,,,,,,
7822014931,7821985280,838072704,,False,True,3.371,,,,,,,,,,
7822814639,7822814640,838172052,Tổng cục Địa chất và Khoáng sản,False,False,29.266,,,Tổng cục Địa chất và Khoáng sản,,,,,commercial,,
7822814639,8032519296,862095198,Tập đoàn Hóa chất Việt Nam,False,False,205.499,,,Tập đoàn Hóa chất Việt Nam,,"LINESTRING (105.8585673 21.0239121, 105.8586059 21.0240608, 105.8585838 21.0241255, 105.8584784 21.0241517, 105.8583559 21.0245658, 105.858575 21.0246073, 105.8585562 21.0246999, 105.858929 21.0247826, 105.8589491 21.024725, 105.8590608 21.0243652)",,,commercial,,
7822814640,7822814639,838172052,Tổng cục Địa chất và Khoáng sản,False,True,29.266,,,Tổng cục Địa chất và Khoáng sản,,,,,commercial,,
7822814640,11080416518,862095198,Tập đoàn Hóa chất Việt Nam,False,True,30.619,,,Tập đoàn Hóa chất Việt Nam,,"LINESTRING (105.8588377 21.0239867, 105.8588023 21.0241038, 105.8589001 21.0241323, 105.8588829 21.0241881)",,,commercial,,
7822814653,7736580234,704159203,Trường Đại học Dược Hà Nội,False,True,161.321,,,Trường Đại học Dược Hà Nội,,,,,,,
7822814653,7822814654,838172054,Quân khu Thủ Đô,False,False,85.474,,,Quân khu Thủ Đô,,,,,military,,
7822814653,9966134300,704159203,Trường Đại học Dược Hà Nội,False,False,237.744,,,Trường Đại học Dược Hà Nội,,"LINESTRING (105.859093 21.021642, 105.8589229 21.0221513, 105.8579627 21.0218672, 105.8581737 21.0212327)",,,,,
7822814654,7822814653,838172054,Quân khu Thủ Đô,False,True,85.474,,,Quân khu Thủ Đô,,,,,military,,
7822814654,6644037903,838172054,Quân khu Thủ Đô,False,False,166.62199999999999,,,Quân khu Thủ Đô,,"LINESTRING (105.8598823 21.0218612, 105.8599601 21.0218883, 105.859536 21.023253)",,,military,,
7822814656,7822814657,838172054,Quân khu Thủ Đô,False,False,64.408,,,Quân khu Thủ Đô,,,,,military,,
7822814656,9044763376,838172054,Quân khu Thủ Đô,False,True,9.768,,,Quân khu Thủ Đô,,,,,military,,
7822814657,9044763379,838172054,Quân khu Thủ Đô,False,False,62.13,,,Quân khu Thủ Đô,,,,,military,,
7822814657,7822814656,838172054,Quân khu Thủ Đô,False,True,64.408,,,Quân khu Thủ Đô,,,,,military,,
7822814658,9044763379,838172054,Quân khu Thủ Đô,False,True,13.755,,,Quân khu Thủ Đô,,,,,military,,
7822814658,6689794091,838172054,Quân khu Thủ Đô,False,False,140.402,,,Quân khu Thủ Đô,,"LINESTRING (105.8615171 21.0194131, 105.8617028 21.0187328, 105.8616148 21.0185857, 105.8614735 21.0185621, 105.8613727 21.0186268, 105.8612226 21.0185937)",,,military,,
8004078433,8716653459,467548006,Bộ Công thương,False,True,18.248,,,Bộ Công thương,,,,,commercial,,
8004078433,8716653455,941188188,,False,False,8.149,,,,,,,,,,
8004078433,8004078443,467548006,Bộ Công thương,False,False,170.95600000000002,,,Bộ Công thương,,"LINESTRING (105.8551887 21.0236993, 105.8551642 21.023634, 105.8549314 21.0237101, 105.8548844 21.0237909, 105.8551794 21.024731, 105.8552624 21.024799, 105.8553279 21.0247822)",,,commercial,,
8004078433,8716653465,858616437,,False,True,94.50800000000001,,,,,"LINESTRING (105.8551887 21.0236993, 105.8550195 21.0237511, 105.854965 21.0238668, 105.8550598 21.0241375, 105.8552788 21.0240707, 105.8552599 21.024016)",,,,,
8004078438,8716653465,467548006,Bộ Công thương,False,False,4.817,,,Bộ Công thương,,,,,commercial,,
8004078438,8004078439,467548006,Bộ Công thương,False,True,25.532,,,Bộ Công thương,,,,,commercial,,
8004078439,8004078438,467548006,Bộ Công thương,False,False,25.532,,,Bộ Công thương,,,,,commercial,,
8004078439,2313983875,467548006,Bộ Công thương,False,True,39.189,,,Bộ Công thương,,"LINESTRING (105.8555381 21.023932, 105.8555622 21.0239245, 105.8556664 21.0242385)",,,commercial,,
8004078441,2313983877,222427943,Hotel de l'Opera Hanoi,False,True,47.847,,,Hotel de l'Opera Hanoi,,,,,,,
8004078441,8004078443,467548006,Bộ Công thương,False,True,18.342,,,Bộ Công thương,,,,,commercial,,
8004078441,2313983875,222427943,Hotel de l'Opera Hanoi,False,False,80.4,,,Hotel de l'Opera Hanoi,,"LINESTRING (105.855497 21.0247343, 105.8557976 21.0246511, 105.8556664 21.0242385)",,,,,
8004078443,8004078441,467548006,Bộ Công thương,False,False,18.342,,,Bộ Công thương,,,,,commercial,,
8004078443,8004078433,467548006,Bộ Công thương,False,True,170.95600000000002,,,Bộ Công thương,,"LINESTRING (105.8553279 21.0247822, 105.8552624 21.024799, 105.8551794 21.024731, 105.8548844 21.0237909, 105.8549314 21.0237101, 105.8551642 21.023634, 105.8551887 21.0236993)",,,commercial,,
8004078443,2313983877,858616439,,False,False,83.353,,,,,"LINESTRING (105.8553279 21.0247822, 105.8552369 21.0247336, 105.855114 21.0243644, 105.8553556 21.0242944, 105.8553658 21.0243218)",,,,,
8004078451,8004078459,858616440,International Centre,False,False,4.016,,,International Centre,,,,,,,
8004078451,445373569,858616440,International Centre,False,True,54.659000000000006,,,International Centre,,"LINESTRING (105.8555818 21.0248688, 105.8553671 21.0249306, 105.8553485 21.0249446, 105.855341 21.0249594, 105.8553382 21.0249803, 105.8554081 21.0251926)",,,,,
8004078451,6798156540,858616443,,False,False,22.758,,,,,"LINESTRING (105.8555818 21.0248688, 105.8556261 21.024856, 105.8557912 21.0248081)",,,,,
8004078452,8004078453,858616440,International Centre,False,False,4.328,,,International Centre,,,,,,,
8004078452,8004078470,858616440,International Centre,False,True,5.318,,,International Centre,,,,,,,
8004078453,8004078474,858616440,International Centre,False,False,4.171,,,International Centre,,,,,,,
8004078453,8004078452,858616440,International Centre,False,True,4.328,,,International Centre,,,,,,,
8004078454,445373568,858616440,International Centre,False,False,5.449,,,International Centre,,,,,,,
8004078454,8004078466,858616440,International Centre,False,True,24.246,,,International Centre,,,,,,,
8004078454,8004078463,858616442,,False,False,13.957,,,,,,,,,,
8004078455,8004078464,858616440,International Centre,False,False,17.162,,,International Centre,,,,,,,
8004078455,8004078474,858616440,International Centre,False,True,11.895,,,International Centre,,,,,,,
8004078455,8004078460,858616441,,False,False,5.338,,,,,,,,,,
8004078456,445373569,37933426,,False,False,3.865,,,,,,,,,,
8004078456,8004078463,37933426,,False,True,3.998,,,,,,,,,,
8004078456,8004078459,858616441,,False,False,48.120999999999995,,,,,"LINESTRING (105.8554438 21.0251827, 105.8553755 21.0249794, 105.8553975 21.0249605, 105.855448 21.0249458, 105.8555936 21.0249032)",,,,,
8004078459,8004078470,858616440,International Centre,False,False,8.915,,,International Centre,,,,,,,
8004078459,8004078451,858616440,International Centre,False,True,4.016,,,International Centre,,,,,,,
8004078459,8004078456,858616441,,False,True,48.120999999999995,,,,,"LINESTRING (105.8555936 21.0249032, 105.855448 21.0249458, 105.8553975 21.0249605, 105.8553755 21.0249794, 105.8554438 21.0251827)",,,,,
8004078460,8004078461,858616441,,False,False,10.337,,,,,,,,,,
8004078460,8004078455,858616441,,False,True,5.338,,,,,,,,,,
8004078461,8004078462,858616441,,False,False,19.022,,,,,,,,,,
8004078461,8004078460,858616441,,False,True,10.337,,,,,,,,,,
8004078462,8004078463,858616441,,False,False,5.107,,,,,,,,,,
8004078462,8004078461,858616441,,False,True,19.022,,,,,,,,,,
8004078463,8004078456,37933426,,False,False,3.998,,,,,,,,,,
8004078463,445373568,37933426,,False,True,8.511,,,,,,,,,,
8004078463,8004078462,858616441,,False,True,5.107,,,,,,,,,,
8004078463,8004078454,858616442,,False,True,13.957,,,,,,,,,,
8004078464,8004078468,858616440,International Centre,False,False,19.215,,,International Centre,,,,,,,
8004078464,8004078455,858616440,International Centre,False,True,17.162,,,International Centre,,,,,,,
8004078466,8004078454,858616440,International Centre,False,False,24.246,,,International Centre,,,,,,,
8004078466,8004078468,858616440,International Centre,False,True,27.72,,,International Centre,,,,,,,
8004078468,8004078466,858616440,International Centre,False,False,27.72,,,International Centre,,,,,,,
8004078468,8004078464,858616440,International Centre,False,True,19.215,,,International Centre,,,,,,,
8004078469,8004078471,724859215,Institut Français,False,False,6.474,,,Institut Français,,,,,,,
8004078469,6798156540,724859215,Institut Français,False,True,12.898,,,Institut Français,,,,,,,
8004078469,8004078470,858616443,,False,False,22.725,,,,,,,,,,
8004078470,8004078452,858616440,International Centre,False,False,5.318,,,International Centre,,,,,,,
8004078470,8004078459,858616440,International Centre,False,True,8.915,,,International Centre,,,,,,,
8004078470,8004078469,858616443,,False,True,22.725,,,,,,,,,,
8004078471,8004078473,724859215,Institut Français,False,False,3.02,,,Institut Français,,,,,,,
8004078471,8004078469,724859215,Institut Français,False,True,6.474,,,Institut Français,,,,,,,
8004078471,8004078472,858616444,,False,True,22.854,,,,,,,,,,
8004078472,8004095592,724859215,Institut Français,False,False,5.822,,,Institut Français,,,,,,,
8004078472,8004078471,858616444,,False,False,22.854,,,,,,,,,,
8004078472,8004078473,724859215,Institut Français,False,True,73.452,,,Institut Français,,"LINESTRING (105.8560571 21.0249135, 105.8561326 21.0251441, 105.8559218 21.0252047, 105.8558552 21.0250004)",,,,,
8004078473,8004078471,724859215,Institut Français,False,True,3.02,,,Institut Français,,,,,,,
8004078473,8004078474,858616445,,False,False,18.45,,,,,,,,,,
8004078473,8004078472,724859215,Institut Français,False,False,73.452,,,Institut Français,,"LINESTRING (105.8558552 21.0250004, 105.8559218 21.0252047, 105.8561326 21.0251441, 105.8560571 21.0249135)",,,,,
8004078474,8004078455,858616440,International Centre,False,False,11.895,,,International Centre,,,,,,,
8004078474,8004078453,858616440,International Centre,False,True,4.171,,,International Centre,,,,,,,
8004078474,8004078473,858616445,,False,True,18.45,,,,,,,,,,
8004095592,6798156550,724859215,Institut Français,False,False,13.549,,,Institut Français,,,,,,,
8004095592,8004078472,724859215,Institut Français,False,True,5.822,,,Institut Français,,,,,,,
8004095596,8004095597,858616447,,False,False,45.469,,,,,,,,,,
8004095596,8004095609,858616447,,False,True,11.466,,,,,,,,,,
8004095597,8004095598,858616447,,False,False,4.237,,,,,,,,,,
8004095597,8004095596,858616447,,False,True,45.469,,,,,,,,,,
8004095598,8004095599,858616447,,False,False,4.023,,,,,,,,,,
8004095598,8004095597,858616447,,False,True,4.237,,,,,,,,,,
8004095599,8004095600,858616447,,False,False,3.598,,,,,,,,,,
8004095599,8004095598,858616447,,False,True,4.023,,,,,,,,,,
8004095600,8004095601,858616447,,False,False,11.665,,,,,,,,,,
8004095600,8004095599,858616447,,False,True,3.598,,,,,,,,,,
8004095601,8004095602,858616447,,False,False,20.384,,,,,,,,,,
8004095601,8004095600,858616447,,False,True,11.665,,,,,,,,,,
8004095602,8004095603,858616447,,False,False,5.582,,,,,,,,,,
8004095602,8004095601,858616447,,False,True,20.384,,,,,,,,,,
8004095603,8004095604,858616447,,False,False,10.408,,,,,,,,,,
8004095603,8004095602,858616447,,False,True,5.582,,,,,,,,,,
8004095604,8004095605,858616447,,False,False,55.951,,,,,,,,,,
8004095604,8004095603,858616447,,False,True,10.408,,,,,,,,,,
8004095605,8004095606,858616447,,False,False,12.572,,,,,,,,,,
8004095605,8004095604,858616447,,False,True,55.951,,,,,,,,,,
8004095606,8004095605,858616447,,False,True,12.572,,,,,,,,,,
8004095606,8004095609,963227376,Trường THCS Ngô Sĩ Liên,False,True,14.608,,,Trường THCS Ngô Sĩ Liên,,,,,,,
8004095609,8004095596,858616447,,False,False,11.466,,,,,,,,,,
8004095609,8004095606,963227376,Trường THCS Ngô Sĩ Liên,False,False,14.608,,,Trường THCS Ngô Sĩ Liên,,,,,,,
8004095643,8004095644,858616450,,False,True,13.505,,,,,,,,,,
8004095644,8004095643,858616450,,False,False,13.505,,,,,,,,,,
8004095646,8004095647,858616452,,False,False,10.372,,,,,,,,,,
8004095646,8004095656,858616452,,False,True,8.435,,,,,,,,,,
8004095647,8004095648,858616452,,False,False,8.504,,,,,,,,,,
8004095647,8004095646,858616452,,False,True,10.372,,,,,,,,,,
8004095648,8004095649,858616452,,False,False,15.304,,,,,,,,,,
8004095648,8004095647,858616452,,False,True,8.504,,,,,,,,,,
8004095649,8004095648,858616452,,False,True,15.304,,,,,,,,,,
8004095649,8004095658,858616452,,False,False,54.935,,,,,"LINESTRING (105.8540357 21.0198072, 105.8538502 21.0198588, 105.8537776 21.0196317, 105.853856 21.0196099)",,,,,
8004095649,8004095656,858616453,"Bộ Văn hóa, Thể thao và Du lịch",False,False,249.258,,,"Bộ Văn hóa, Thể thao và Du lịch",,"LINESTRING (105.8540357 21.0198072, 105.8540552 21.0198642, 105.8536253 21.0199706, 105.853332 21.019172, 105.853629 21.0190743, 105.853799 21.0193882, 105.8538905 21.0194108, 105.8539657 21.0195856)",,,commercial,,
8004095656,8004095646,858616452,,False,False,8.435,,,,,,,,,,
8004095656,8004095665,858616452,,False,True,1.753,,,,,,,,,,
8004095656,8004095649,858616453,"Bộ Văn hóa, Thể thao và Du lịch",False,True,249.258,,,"Bộ Văn hóa, Thể thao và Du lịch",,"LINESTRING (105.8539657 21.0195856, 105.8538905 21.0194108, 105.853799 21.0193882, 105.853629 21.0190743, 105.853332 21.019172, 105.8536253 21.0199706, 105.8540552 21.0198642, 105.8540357 21.0198072)",,,commercial,,
8004095658,8004095665,858616452,,False,False,10.064,,,,,,,,,,
8004095658,8004095649,858616452,,False,True,54.935,,,,,"LINESTRING (105.853856 21.0196099, 105.8537776 21.0196317, 105.8538502 21.0198588, 105.8540357 21.0198072)",,,,,
8004095665,8004095656,858616452,,False,False,1.753,,,,,,,,,,
8004095665,8004095658,858616452,,False,True,10.064,,,,,,,,,,
8027379761,5894328672,624201558,SeABank,False,False,14.642,,,SeABank,,,,,,,
8027379761,5894328671,624201558,SeABank,False,True,16.288,,,SeABank,,,,,,,
8027379762,5894328671,624201558,SeABank,False,False,21.737,,,SeABank,,,,,,,
8027379762,4483634010,624201558,SeABank,False,True,6.439,,,SeABank,,,,,,,
8027379762,8027379763,861296602,,False,False,26.301,,,,,,,,,,
8027379763,4483634013,624201558,SeABank,False,False,6.469,,,SeABank,,,,,,,
8027379763,5894328672,624201558,SeABank,False,True,11.039,,,SeABank,,,,,,,
8027379763,8027379762,861296602,,False,True,26.301,,,,,,,,,,
8027379768,6611833203,704159202,Sun Red River,False,False,4.745,,,Sun Red River,,,,,,,
8027379768,11217947393,704159202,Sun Red River,False,True,54.184,,,Sun Red River,,,,,,,
8032519296,10543481573,862095198,Tập đoàn Hóa chất Việt Nam,False,False,13.54,,,Tập đoàn Hóa chất Việt Nam,,,,,commercial,,
8032519296,7822814639,862095198,Tập đoàn Hóa chất Việt Nam,False,True,205.499,,,Tập đoàn Hóa chất Việt Nam,,"LINESTRING (105.8590608 21.0243652, 105.8589491 21.024725, 105.858929 21.0247826, 105.8585562 21.0246999, 105.858575 21.0246073, 105.8583559 21.0245658, 105.8584784 21.0241517, 105.8585838 21.0241255, 105.8586059 21.0240608, 105.8585673 21.0239121)",,,commercial,,
8032519296,11080416518,1131208927,,False,True,45.691,,,,,"LINESTRING (105.8590608 21.0243652, 105.8588047 21.0242932, 105.8588423 21.0241767, 105.8588829 21.0241881)",,,,,
8041596075,8041596081,863234962,T-Place,False,False,14.552,,,T-Place,,,,,,,
8041596075,8041596079,863234962,T-Place,False,True,36.436,,,T-Place,,,,,,,
8041596079,8041596075,863234962,T-Place,False,False,36.436,,,T-Place,,,,,,,
8041596079,8041596081,863234962,T-Place,False,True,83.717,,,T-Place,,"LINESTRING (105.8528533 21.0229604, 105.852783 21.0229793, 105.8527275 21.0228001, 105.8527583 21.0227564, 105.8531248 21.0226575, 105.8531515 21.0227436)",,,,,
8041596081,8041596075,863234962,T-Place,False,True,14.552,,,T-Place,,,,,,,
8041596081,8041596079,863234962,T-Place,False,False,83.717,,,T-Place,,"LINESTRING (105.8531515 21.0227436, 105.8531248 21.0226575, 105.8527583 21.0227564, 105.8527275 21.0228001, 105.852783 21.0229793, 105.8528533 21.0229604)",,,,,
8041615285,8041615286,704159199,Cục Thông tin Khoa học và Công nghệ Quốc gia,False,False,11.298,,,Cục Thông tin Khoa học và Công nghệ Quốc gia,,,,,commercial,,
8041615285,993037701,704159199,Cục Thông tin Khoa học và Công nghệ Quốc gia,False,True,254.713,,,Cục Thông tin Khoa học và Công nghệ Quốc gia,,"LINESTRING (105.8532003 21.0227763, 105.8532621 21.0229656, 105.8542152 21.0226929, 105.8541104 21.0223739, 105.8532618 21.0226171)",,,commercial,,
8041615286,993037701,704159199,Cục Thông tin Khoa học và Công nghệ Quốc gia,False,False,15.063,,,Cục Thông tin Khoa học và Công nghệ Quốc gia,,,,,commercial,,
8041615286,8041615285,704159199,Cục Thông tin Khoa học và Công nghệ Quốc gia,False,True,11.298,,,Cục Thông tin Khoa học và Công nghệ Quốc gia,,,,,commercial,,
8041615303,8041615318,863234968,Tòa nhà Artexport,False,False,9.422,,,Tòa nhà Artexport,,,,,,,
8041615303,8041615315,863234969,,False,False,57.227999999999994,,,,,"LINESTRING (105.8547458 21.0232622, 105.8548226 21.0234932, 105.8551017 21.0234123)",,,,,
8041615315,8041615316,704147266,Sun City Building,False,False,10.317,,,Sun City Building,,,,,,,
8041615315,8041615303,863234969,,False,True,57.227999999999994,,,,,"LINESTRING (105.8551017 21.0234123, 105.8548226 21.0234932, 105.8547458 21.0232622)",,,,,
8041615316,8041615315,704147266,Sun City Building,False,True,10.317,,,Sun City Building,,,,,,,
8041615316,8041615318,863234969,,False,False,37.65,,,,,"LINESTRING (105.8550715 21.0233239, 105.854879 21.0233808, 105.8548325 21.0232371)",,,,,
8041615318,8041615303,863234968,Tòa nhà Artexport,False,True,9.422,,,Tòa nhà Artexport,,,,,,,
8041615318,8041615316,863234969,,False,True,37.65,,,,,"LINESTRING (105.8548325 21.0232371, 105.854879 21.0233808, 105.8550715 21.0233239)",,,,,
8050739807,8050739831,864177603,,False,True,14.903,,,,,,,,,,
8050739807,9582318426,864177609,,False,True,23.598,,,,,"LINESTRING (105.8571194 21.0198064, 105.8571587 21.0199124, 105.85726 21.0198797)",,,,,
8050739813,8050739819,864177604,,False,False,7.509,,,,,,,,,,
8050739813,8050739816,864177606,Trung tâm Ảnh TTXVN,False,False,3.89,,,Trung tâm Ảnh TTXVN,,,,,,,
8050739816,4590730103,864177605,,False,False,20.114,,,,,,,,,,
8050739816,8050739818,864177605,,False,True,7.48,,,,,,,,,,
8050739816,8050739813,864177606,Trung tâm Ảnh TTXVN,False,True,3.89,,,Trung tâm Ảnh TTXVN,,,,,,,
8050739818,8050739816,864177605,,False,False,7.48,,,,,,,,,,
8050739818,8050739819,864177606,Trung tâm Ảnh TTXVN,False,False,4.009,,,Trung tâm Ảnh TTXVN,,,,,,,
8050739818,4590730102,864177605,,False,True,39.641,,,,,"LINESTRING (105.8574413 21.0196605, 105.85748 21.0197611, 105.8576615 21.0197002, 105.8576358 21.0196349)",,,,,
8050739819,8050739813,864177604,,False,True,7.509,,,,,,,,,,
8050739819,8050739818,864177606,Trung tâm Ảnh TTXVN,False,True,4.009,,,Trung tâm Ảnh TTXVN,,,,,,,
8050739831,8050739807,864177603,,False,False,14.903,,,,,,,,,,
8050739831,9582318426,864177609,,False,False,16.251,,,,,"LINESTRING (105.8572551 21.0197626, 105.8572944 21.0198686, 105.85726 21.0198797)",,,,,
8050739842,8050739844,864177610,,False,False,6.521,,,,,,,,,,
8050739842,8050739846,864177610,,False,True,93.78599999999999,,,,,"LINESTRING (105.8581983 21.0194123, 105.8582869 21.0193852, 105.8582714 21.0193412, 105.8583684 21.0193114, 105.8583813 21.0193483, 105.8584373 21.0193312, 105.8584688 21.0194208, 105.8583933 21.0194439, 105.8584113 21.0194953, 105.8582678 21.0195392, 105.8582499 21.0194883, 105.8581737 21.0195116, 105.8581651 21.0194837)",,,,,
8050739844,8050739846,864177610,,False,False,5.686,,,,,,,,,,
8050739844,8050739842,864177610,,False,True,6.521,,,,,,,,,,
8050739846,8050739844,864177610,,False,True,5.686,,,,,,,,,,
8050739846,8050739842,864177610,,False,False,93.786,,,,,"LINESTRING (105.8581651 21.0194837, 105.8581737 21.0195116, 105.8582499 21.0194883, 105.8582678 21.0195392, 105.8584113 21.0194953, 105.8583933 21.0194439, 105.8584688 21.0194208, 105.8584373 21.0193312, 105.8583813 21.0193483, 105.8583684 21.0193114, 105.8582714 21.0193412, 105.8582869 21.0193852, 105.8581983 21.0194123)",,,,,
8050739858,8050739868,864177613,Trung tâm Hội nghị Giáo dục,False,False,13.631,,,Trung tâm Hội nghị Giáo dục,,,,,,,
8050739858,8050739860,864177613,Trung tâm Hội nghị Giáo dục,False,True,14.001,,,Trung tâm Hội nghị Giáo dục,,,,,,,
8050739858,8050739863,864177614,Viện Ứng dụng Công nghệ,False,True,4.259,,,Viện Ứng dụng Công nghệ,,,,,,,
8050739859,6611833220,704159204,Trường Đại học Khoa học Tự nhiên - Khoa Hoá,False,True,15.969,,,Trường Đại học Khoa học Tự nhiên - Khoa Hoá,,,,,,,
8050739859,8050739868,864177613,Trung tâm Hội nghị Giáo dục,False,True,5.663,,,Trung tâm Hội nghị Giáo dục,,,,,,,
8050739859,6611833218,704159204,Trường Đại học Khoa học Tự nhiên - Khoa Hoá,False,False,8.686,,,Trường Đại học Khoa học Tự nhiên - Khoa Hoá,,"LINESTRING (105.8586751 21.020228, 105.8587014 21.0202364, 105.8587203 21.0201873)",,,,,
8050739860,8050739858,864177613,Trung tâm Hội nghị Giáo dục,False,False,14.001,,,Trung tâm Hội nghị Giáo dục,,,,,,,
8050739860,6611833220,864177613,Trung tâm Hội nghị Giáo dục,False,True,21.41,,,Trung tâm Hội nghị Giáo dục,,"LINESTRING (105.8585959 21.020029, 105.8585799 21.0200198, 105.8585274 21.0201878)",,,,,
8050739860,8050739863,864177614,Viện Ứng dụng Công nghệ,False,False,51.943,,,Viện Ứng dụng Công nghệ,,"LINESTRING (105.8585959 21.020029, 105.8586383 21.0198828, 105.8588081 21.0199257, 105.8587657 21.0200719)",,,,,
8050739863,8050739858,864177614,Viện Ứng dụng Công nghệ,False,False,4.259,,,Viện Ứng dụng Công nghệ,,,,,,,
8050739863,8050739870,864177616,,False,True,21.771,,,,,,,,,,
8050739863,8050739860,864177614,Viện Ứng dụng Công nghệ,False,True,51.943,,,Viện Ứng dụng Công nghệ,,"LINESTRING (105.8587657 21.0200719, 105.8588081 21.0199257, 105.8586383 21.0198828, 105.8585959 21.020029)",,,,,
8050739868,8050739859,864177613,Trung tâm Hội nghị Giáo dục,False,False,5.663,,,Trung tâm Hội nghị Giáo dục,,,,,,,
8050739868,8050739858,864177613,Trung tâm Hội nghị Giáo dục,False,True,13.631,,,Trung tâm Hội nghị Giáo dục,,,,,,,
8050739868,6611833218,864177616,,False,False,3.321,,,,,,,,,,
8050739869,6611833217,704159204,Trường Đại học Khoa học Tự nhiên - Khoa Hoá,False,False,16.949,,,Trường Đại học Khoa học Tự nhiên - Khoa Hoá,,,,,,,
8050739869,6611833218,704159204,Trường Đại học Khoa học Tự nhiên - Khoa Hoá,False,True,22.713,,,Trường Đại học Khoa học Tự nhiên - Khoa Hoá,,,,,,,
8050739869,8050739870,864177616,,False,False,13.641,,,,,,,,,,
8050739870,8050739863,864177616,,False,False,21.771,,,,,,,,,,
8050739870,8050739869,864177616,,False,True,13.641,,,,,,,,,,
8050739870,8050739874,864177617,,False,False,17.357,,,,,,,,,,
8050739871,7736580234,704159203,Trường Đại học Dược Hà Nội,False,False,24.439,,,Trường Đại học Dược Hà Nội,,,,,,,
8050739871,7736580235,704159203,Trường Đại học Dược Hà Nội,False,True,20.833,,,Trường Đại học Dược Hà Nội,,,,,,,
8050739871,8050739873,864177618,,False,False,36.576,,,,,"LINESTRING (105.8593325 21.0201861, 105.8592868 21.0203211, 105.8590954 21.0202647)",,,,,
8050739873,8050739874,704159203,Trường Đại học Dược Hà Nội,False,False,11.719,,,Trường Đại học Dược Hà Nội,,,,,,,
8050739873,6611833217,704159203,Trường Đại học Dược Hà Nội,False,True,2.025,,,Trường Đại học Dược Hà Nội,,,,,,,
8050739873,8050739871,864177618,,False,True,36.576,,,,,"LINESTRING (105.8590954 21.0202647, 105.8592868 21.0203211, 105.8593325 21.0201861)",,,,,
8050739874,7736580235,704159203,Trường Đại học Dược Hà Nội,False,False,4.024,,,Trường Đại học Dược Hà Nội,,,,,,,
8050739874,8050739873,704159203,Trường Đại học Dược Hà Nội,False,True,11.719,,,Trường Đại học Dược Hà Nội,,,,,,,
8050739874,8050739870,864177617,,False,True,17.357,,,,,,,,,,
8452422372,8452422374,37933050,Nhà hát Lớn,False,False,5.731,,,Nhà hát Lớn,,,,,,,
8452422372,8452422373,910389739,,False,True,7.581,,,,,,,,,,
8452422372,445366811,37933050,Nhà hát Lớn,False,True,46.471000000000004,,,Nhà hát Lớn,,"LINESTRING (105.8578189 21.0239805, 105.857611 21.0240353, 105.8576056 21.0240175, 105.8574015 21.0240706)",,,,,
8452422373,8452422375,37933050,Nhà hát Lớn,False,True,5.731,,,Nhà hát Lớn,,,,,,,
8452422373,8452422372,910389739,,False,False,7.581,,,,,,,,,,
8452422373,8452422384,37933050,Nhà hát Lớn,False,False,33.567,,,Nhà hát Lớn,,"LINESTRING (105.8578892 21.023962, 105.8581243 21.0238999, 105.8581459 21.0239709)",,,,,
8452422374,8452422375,37933050,Nhà hát Lớn,False,False,7.581,,,Nhà hát Lớn,,,,,,,
8452422374,8452422372,37933050,Nhà hát Lớn,False,True,5.731,,,Nhà hát Lớn,,,,,,,
8452422375,8452422373,37933050,Nhà hát Lớn,False,False,5.731,,,Nhà hát Lớn,,,,,,,
8452422375,8452422374,37933050,Nhà hát Lớn,False,True,7.581,,,Nhà hát Lớn,,,,,,,
8452422376,8452422378,37933050,Nhà hát Lớn,False,True,5.43,,,Nhà hát Lớn,,,,,,,
8452422376,8452422377,910389738,,False,False,7.462,,,,,,,,,,
8452422376,8464054123,37933050,Nhà hát Lớn,False,False,39.616,,,Nhà hát Lớn,,"LINESTRING (105.8578941 21.0242391, 105.8577037 21.0242893, 105.8577098 21.0243093, 105.8575546 21.0243512)",,,,,
8452422377,8452422379,37933050,Nhà hát Lớn,False,False,5.433,,,Nhà hát Lớn,,,,,,,
8452422377,8452422376,910389738,,False,True,7.462,,,,,,,,,,
8452422377,8452422385,37933050,Nhà hát Lớn,False,True,34.108,,,Nhà hát Lớn,,"LINESTRING (105.8579633 21.0242209, 105.8581937 21.0241601, 105.8581694 21.02408)",,,,,
8452422378,8452422376,37933050,Nhà hát Lớn,False,False,5.43,,,Nhà hát Lớn,,,,,,,
8452422378,8452422379,37933050,Nhà hát Lớn,False,True,7.472,,,Nhà hát Lớn,,,,,,,
8452422379,8452422378,37933050,Nhà hát Lớn,False,False,7.472,,,Nhà hát Lớn,,,,,,,
8452422379,8452422377,37933050,Nhà hát Lớn,False,True,5.433,,,Nhà hát Lớn,,,,,,,
8452422384,8452422386,37933050,Nhà hát Lớn,False,False,2.078,,,Nhà hát Lớn,,,,,,,
8452422384,8452422389,910389740,,False,True,8.663,,,,,,,,,,
8452422384,8452422373,37933050,Nhà hát Lớn,False,True,33.567,,,Nhà hát Lớn,,"LINESTRING (105.8581459 21.0239709, 105.8581243 21.0238999, 105.8578892 21.023962)",,,,,
8452422385,8452422387,37933050,Nhà hát Lớn,False,True,3.146,,,Nhà hát Lớn,,,,,,,
8452422385,8452422388,910389740,,False,False,7.517,,,,,,,,,,
8452422385,8452422377,37933050,Nhà hát Lớn,False,False,34.108,,,Nhà hát Lớn,,"LINESTRING (105.8581694 21.02408, 105.8581937 21.0241601, 105.8579633 21.0242209)",,,,,
8452422386,8452422387,37933050,Nhà hát Lớn,False,False,12.339,,,Nhà hát Lớn,,,,,,,
8452422386,8452422384,37933050,Nhà hát Lớn,False,True,2.078,,,Nhà hát Lớn,,,,,,,
8452422387,8452422385,37933050,Nhà hát Lớn,False,False,3.146,,,Nhà hát Lớn,,,,,,,
8452422387,8452422386,37933050,Nhà hát Lớn,False,True,12.339,,,Nhà hát Lớn,,,,,,,
8452422388,8452422389,910389740,,False,False,12.328,,,,,,,,,,
8452422388,8452422385,910389740,,False,True,7.517,,,,,,,,,,
8452422388,8452422391,910389741,,False,False,22.692999999999998,,,,,"LINESTRING (105.8580999 21.024099, 105.8581164 21.0241503, 105.8579619 21.0241934)",,,,,
8452422389,8452422384,910389740,,False,False,8.663,,,,,,,,,,
8452422389,8452422388,910389740,,False,True,12.328,,,,,,,,,,
8452422389,8452422392,910389741,,False,True,21.787999999999997,,,,,"LINESTRING (105.8580658 21.0239928, 105.8580519 21.0239493, 105.8578974 21.0239925)",,,,,
8452422391,8452422392,910389741,,False,False,23.321,,,,,,,,,,
8452422391,8452422388,910389741,,False,True,22.692999999999998,,,,,"LINESTRING (105.8579619 21.0241934, 105.8581164 21.0241503, 105.8580999 21.024099)",,,,,
8452422392,8452422391,910389741,,False,True,23.321,,,,,,,,,,
8452422392,8452422389,910389741,,False,False,21.787999999999997,,,,,"LINESTRING (105.8578974 21.0239925, 105.8580519 21.0239493, 105.8580658 21.0239928)",,,,,
8452422405,8452422406,910389743,,False,False,20.16,,,,,,,,,,
8452422405,8464054123,911561444,,False,False,7.163,,,,,,,,,,
8452422405,8464054121,911561444,,False,True,6.86,,,,,,,,,,
8452422406,8452422405,910389743,,False,True,20.16,,,,,,,,,,
8452422406,8464054126,911561445,,False,False,6.798,,,,,,,,,,
8452422406,445366811,911561445,,False,True,13.81,,,,,"LINESTRING (105.8574828 21.0241148, 105.8574646 21.0240541, 105.8574015 21.0240706)",,,,,
8458182583,445373572,37933426,,False,True,5.256,,,,,,,,,,
8458182583,8458182584,910882958,,False,False,17.415,,,,,,,,,,
8458182583,445373573,37933426,,False,False,48.769999999999996,,,,,"LINESTRING (105.8561776 21.0256884, 105.8558678 21.0257755, 105.8558797 21.0258126, 105.8557793 21.0258408)",,,,,
8458182584,445373571,37933426,,False,False,15.739,,,,,,,,,,
8458182584,4533474002,37933426,,False,True,34.321,,,,,,,,,,
8458182584,8458182583,910882958,,False,True,17.415,,,,,,,,,,
8464054121,8464054126,37933050,Nhà hát Lớn,False,False,20.224,,,Nhà hát Lớn,,,,,,,
8464054121,445366816,37933050,Nhà hát Lớn,False,True,7.152,,,Nhà hát Lớn,,,,,,,
8464054121,8452422405,911561444,,False,False,6.86,,,,,,,,,,
8464054123,445366816,37933050,Nhà hát Lớn,False,False,6.857,,,Nhà hát Lớn,,,,,,,
8464054123,8452422405,911561444,,False,True,7.163,,,,,,,,,,
8464054123,8452422376,37933050,Nhà hát Lớn,False,True,39.616,,,Nhà hát Lớn,,"LINESTRING (105.8575546 21.0243512, 105.8577098 21.0243093, 105.8577037 21.0242893, 105.8578941 21.0242391)",,,,,
8464054126,445366811,37933050,Nhà hát Lớn,False,False,6.998,,,Nhà hát Lớn,,,,,,,
8464054126,8464054121,37933050,Nhà hát Lớn,False,True,20.224,,,Nhà hát Lớn,,,,,,,
8464054126,8452422406,911561445,,False,True,6.798,,,,,,,,,,
8716653455,8716653456,941188188,,False,False,18.366,,,,,,,,,,
8716653455,8004078433,941188188,,False,True,8.149,,,,,,,,,,
8716653456,8716653459,941188188,,False,False,8.153,,,,,,,,,,
8716653456,8716653455,941188188,,False,True,18.366,,,,,,,,,,
8716653459,8004078433,467548006,Bộ Công thương,False,False,18.248,,,Bộ Công thương,,,,,commercial,,
8716653459,8716653464,467548006,Bộ Công thương,False,True,3.965,,,Bộ Công thương,,,,,commercial,,
8716653459,8716653456,941188188,,False,True,8.153,,,,,,,,,,
8716653464,8716653459,467548006,Bộ Công thương,False,False,3.965,,,Bộ Công thương,,,,,commercial,,
8716653464,8716653465,467548006,Bộ Công thương,False,True,17.518,,,Bộ Công thương,,,,,commercial,,
8716653465,8716653464,467548006,Bộ Công thương,False,False,17.518,,,Bộ Công thương,,,,,commercial,,
8716653465,8004078438,467548006,Bộ Công thương,False,True,4.817,,,Bộ Công thương,,,,,commercial,,
8716653465,8004078433,858616437,,False,False,94.508,,,,,"LINESTRING (105.8552599 21.024016, 105.8552788 21.0240707, 105.8550598 21.0241375, 105.854965 21.0238668, 105.8550195 21.0237511, 105.8551887 21.0236993)",,,,,
8764881768,9432534319,946867358,Đại sứ quán Qatar,False,True,26.731,,,Đại sứ quán Qatar,,,,,commercial,,
8909952748,8909958029,963227366,Trường Tiểu học Võ Thị Sáu,False,False,10.408,,,Trường Tiểu học Võ Thị Sáu,,,,,,,
8909958029,8909952748,963227366,Trường Tiểu học Võ Thị Sáu,False,True,10.408,,,Trường Tiểu học Võ Thị Sáu,,,,,,,
9044763376,7822814656,838172054,Quân khu Thủ Đô,False,False,9.768,,,Quân khu Thủ Đô,,,,,military,,
9044763376,445371192,838172054,Quân khu Thủ Đô,False,True,338.027,,,Quân khu Thủ Đô,,,,,military,,
9044763376,9044763379,977482373,,False,False,193.891,,,,,"LINESTRING (105.8614604 21.0207576, 105.8610095 21.0206386, 105.8613857 21.0195112, 105.8615173 21.0195368)",,,,,
9044763379,7822814658,838172054,Quân khu Thủ Đô,False,False,13.755,,,Quân khu Thủ Đô,,,,,military,,
9044763379,7822814657,838172054,Quân khu Thủ Đô,False,True,62.13,,,Quân khu Thủ Đô,,,,,military,,
9044763379,9044763376,977482373,,False,True,193.891,,,,,"LINESTRING (105.8615173 21.0195368, 105.8613857 21.0195112, 105.8610095 21.0206386, 105.8614604 21.0207576)",,,,,
9234510166,9247843761,1001979397,,False,True,564.724,,,,,,,,,,
9247843727,7771969548,832455029,,False,True,758.2630000000001,,,,,"LINESTRING (105.8534767 21.0184226, 105.853291 21.0185049, 105.8533107 21.018538, 105.8530766 21.0186217, 105.8532475 21.019184, 105.853606 21.0190078, 105.8537865 21.0193411, 105.8539862 21.0195432, 105.8540317 21.0197015, 105.8540793 21.0198713, 105.8539878 21.0199027, 105.8544495 21.0210618, 105.8546143 21.0214252, 105.8540573 21.0215816, 105.8542786 21.0222301, 105.8549805 21.022028, 105.855232 21.022765)",,,,,
9247843727,9247843755,1001978135,,False,False,634.8449999999999,,,,,"LINESTRING (105.8534767 21.0184226, 105.854128 21.0183327, 105.8546249 21.0181302, 105.8550586 21.018378, 105.8552471 21.0183948, 105.8555972 21.0184582, 105.8555275 21.0187658, 105.8557792 21.018866, 105.8560218 21.0189765, 105.8563521 21.0189517, 105.8567313 21.0188421, 105.8566804 21.0186808, 105.8570732 21.0187453, 105.857474 21.0188137, 105.8580404 21.0189371, 105.8587169 21.0190341)",,,,,
9247843727,6352368469,1001979396,,False,True,286.81399999999996,,,,,"LINESTRING (105.8534767 21.0184226, 105.853418 21.0183008, 105.8529489 21.0183619, 105.8526657 21.0183963, 105.8527107 21.0186607, 105.8523911 21.0187243, 105.8522116 21.0188035, 105.8519903 21.0182123, 105.851618 21.0182728)",,,,,
9247843755,7771969616,832455087,,False,True,791.6859999999999,,,,,"LINESTRING (105.8587169 21.0190341, 105.8599677 21.0135739, 105.8601172 21.0135852, 105.8609951 21.0130797, 105.8610925 21.0126561)",,,,,
9247843755,9247843727,1001978135,,False,True,634.8449999999999,,,,,"LINESTRING (105.8587169 21.0190341, 105.8580404 21.0189371, 105.857474 21.0188137, 105.8570732 21.0187453, 105.8566804 21.0186808, 105.8567313 21.0188421, 105.8563521 21.0189517, 105.8560218 21.0189765, 105.8557792 21.018866, 105.8555275 21.0187658, 105.8555972 21.0184582, 105.8552471 21.0183948, 105.8550586 21.018378, 105.8546249 21.0181302, 105.854128 21.0183327, 105.8534767 21.0184226)",,,,,
9247843755,9247843761,1001982116,,False,False,358.677,,,,,"LINESTRING (105.8587169 21.0190341, 105.860769 21.0184398, 105.8609297 21.018397, 105.861102 21.0183815, 105.8612895 21.0183922, 105.8620546 21.0185286)",,,,,
9247843761,9234510166,1001979397,,False,False,564.724,,,,,,,,,,
9247843761,7771969448,832455042,,False,False,745.138,,,,,"LINESTRING (105.8620546 21.0185286, 105.8614819 21.0212935, 105.8611149 21.0224093, 105.8606733 21.0235608, 105.8601913 21.0249863)",,,,,
9247843761,9247843755,1001982116,,False,True,358.677,,,,,"LINESTRING (105.8620546 21.0185286, 105.8612895 21.0183922, 105.861102 21.0183815, 105.8609297 21.018397, 105.860769 21.0184398, 105.8587169 21.0190341)",,,,,
9432534319,8764881768,946867358,Đại sứ quán Qatar,False,False,26.731,,,Đại sứ quán Qatar,,,,,commercial,,
9582318426,8050739807,864177609,,False,False,23.598,,,,,"LINESTRING (105.85726 21.0198797, 105.8571587 21.0199124, 105.8571194 21.0198064)",,,,,
9582318426,8050739831,864177609,,False,True,16.251,,,,,"LINESTRING (105.85726 21.0198797, 105.8572944 21.0198686, 105.8572551 21.0197626)",,,,,
9965351574,6611717984,704147263,Opera Business Centre,False,False,3.55,,,Opera Business Centre,,,,,,,
9965351574,6611717985,704147263,Opera Business Centre,False,True,19.238,,,Opera Business Centre,,,,,,,
9965351574,9965351577,1087647919,,False,False,38.983000000000004,,,,,"LINESTRING (105.8564408 21.0248251, 105.8563872 21.0246629, 105.8565723 21.0246095)",,,,,
9965351575,6611717988,704147263,Opera Business Centre,False,False,15.18,,,Opera Business Centre,,,,,,,
9965351575,9965351576,704147263,Opera Business Centre,False,True,5.883,,,Opera Business Centre,,,,,,,
9965351576,9965351575,704147263,Opera Business Centre,False,False,5.883,,,Opera Business Centre,,,,,,,
9965351576,6611717992,704147263,Opera Business Centre,False,True,3.436,,,Opera Business Centre,,,,,,,
9965351577,6611717985,704147263,Opera Business Centre,False,False,19.114,,,Opera Business Centre,,,,,,,
9965351577,9965351578,704147263,Opera Business Centre,False,True,9.887,,,Opera Business Centre,,,,,,,
9965351577,9965351574,1087647919,,False,True,38.983000000000004,,,,,"LINESTRING (105.8565723 21.0246095, 105.8563872 21.0246629, 105.8564408 21.0248251)",,,,,
9965351578,9965351577,704147263,Opera Business Centre,False,False,9.887,,,Opera Business Centre,,,,,,,
9965351578,9965351579,704147263,Opera Business Centre,False,True,4.546,,,Opera Business Centre,,,,,,,
9965351579,9965351578,704147263,Opera Business Centre,False,False,4.546,,,Opera Business Centre,,,,,,,
9965351579,9965351580,704147263,Opera Business Centre,False,True,5.103,,,Opera Business Centre,,,,,,,
9965351580,9965351579,704147263,Opera Business Centre,False,False,5.103,,,Opera Business Centre,,,,,,,
9965351580,6611717986,704147263,Opera Business Centre,False,True,5.451,,,Opera Business Centre,,,,,,,
9965351582,6611717986,704147263,Opera Business Centre,False,False,15.399,,,Opera Business Centre,,,,,,,
9965351582,6611717988,704147263,Opera Business Centre,False,True,22.868,,,Opera Business Centre,,,,,,,
9965351582,6611717985,1087647920,,False,True,10.141,,,,,,,,,,
9965351583,9965351584,1087647922,,False,False,1.27,,,,,,,,,,
9965351583,9965351601,1087647922,,False,True,1.379,,,,,,,,,,
9965351584,9965351585,1087647922,,False,False,1.258,,,,,,,,,,
9965351584,9965351583,1087647922,,False,True,1.27,,,,,,,,,,
9965351585,9965351586,1087647922,,False,False,1.259,,,,,,,,,,
9965351585,9965351584,1087647922,,False,True,1.258,,,,,,,,,,
9965351586,9965351587,1087647922,,False,False,1.256,,,,,,,,,,
9965351586,9965351585,1087647922,,False,True,1.259,,,,,,,,,,
9965351587,9965351588,1087647922,,False,False,1.263,,,,,,,,,,
9965351587,9965351586,1087647922,,False,True,1.256,,,,,,,,,,
9965351588,9965351602,1087647922,,False,False,0.564,,,,,,,,,,
9965351588,9965351587,1087647922,,False,True,1.263,,,,,,,,,,
9965351589,9965351590,1087647922,,False,False,1.379,,,,,,,,,,
9965351589,9965351598,1087647922,,False,True,1.257,,,,,,,,,,
9965351590,9965351591,1087647922,,False,False,1.376,,,,,,,,,,
9965351590,9965351589,1087647922,,False,True,1.379,,,,,,,,,,
9965351591,9965351592,1087647922,,False,False,1.384,,,,,,,,,,
9965351591,9965351590,1087647922,,False,True,1.376,,,,,,,,,,
9965351592,9965351593,1087647922,,False,False,1.382,,,,,,,,,,
9965351592,9965351591,1087647922,,False,True,1.384,,,,,,,,,,
9965351593,9965351594,1087647922,,False,False,1.378,,,,,,,,,,
9965351593,9965351592,1087647922,,False,True,1.382,,,,,,,,,,
9965351594,9965351595,1087647922,,False,False,1.382,,,,,,,,,,
9965351594,9965351593,1087647922,,False,True,1.378,,,,,,,,,,
9965351595,9965351599,1087647922,,False,False,1.388,,,,,,,,,,
9965351595,9965351594,1087647922,,False,True,1.382,,,,,,,,,,
9965351595,9965351605,1087647923,Sở Giao dịch Chứng khoán Hà Nội,False,True,41.371,,,Sở Giao dịch Chứng khoán Hà Nội,,,,,,,
9965351596,9965351597,1087647922,,False,False,1.258,,,,,,,,,,
9965351596,9965351602,1087647922,,False,True,0.694,,,,,,,,,,
9965351597,9965351598,1087647922,,False,False,1.265,,,,,,,,,,
9965351597,9965351596,1087647922,,False,True,1.258,,,,,,,,,,
9965351598,9965351589,1087647922,,False,False,1.257,,,,,,,,,,
9965351598,9965351597,1087647922,,False,True,1.265,,,,,,,,,,
9965351599,9965351600,1087647922,,False,False,1.372,,,,,,,,,,
9965351599,9965351595,1087647922,,False,True,1.388,,,,,,,,,,
9965351600,9965351601,1087647922,,False,False,1.379,,,,,,,,,,
9965351600,9965351599,1087647922,,False,True,1.372,,,,,,,,,,
9965351601,9965351583,1087647922,,False,False,1.379,,,,,,,,,,
9965351601,9965351600,1087647922,,False,True,1.379,,,,,,,,,,
9965351602,9965351596,1087647922,,False,False,0.694,,,,,,,,,,
9965351602,9965351588,1087647922,,False,True,0.564,,,,,,,,,,
9965351602,9965351603,1087647923,Sở Giao dịch Chứng khoán Hà Nội,False,False,31.998,,,Sở Giao dịch Chứng khoán Hà Nội,,,,,,,
9965351603,9965351604,1087647923,Sở Giao dịch Chứng khoán Hà Nội,False,False,46.162,,,Sở Giao dịch Chứng khoán Hà Nội,,,,,,,
9965351603,9965351602,1087647923,Sở Giao dịch Chứng khoán Hà Nội,False,True,31.998,,,Sở Giao dịch Chứng khoán Hà Nội,,,,,,,
9965351604,6611718005,1087647923,Sở Giao dịch Chứng khoán Hà Nội,False,False,3.05,,,Sở Giao dịch Chứng khoán Hà Nội,,,,,,,
9965351604,9965351603,1087647923,Sở Giao dịch Chứng khoán Hà Nội,False,True,46.162,,,Sở Giao dịch Chứng khoán Hà Nội,,,,,,,
9965351605,9965351595,1087647923,Sở Giao dịch Chứng khoán Hà Nội,False,False,41.371,,,Sở Giao dịch Chứng khoán Hà Nội,,,,,,,
9965351605,6611718004,1087647923,Sở Giao dịch Chứng khoán Hà Nội,False,True,5.831,,,Sở Giao dịch Chứng khoán Hà Nội,,,,,,,
9965351607,5753234221,1087647924,,False,False,2.893,,,,,,,,,,
9965351607,9965351608,1087647924,,False,True,1.946,,,,,,,,,,
9965351608,9965351607,1087647924,,False,False,1.946,,,,,,,,,,
9965351608,6611718001,1087647924,,False,True,2.532,,,,,,,,,,
9965351609,6611718004,1087647923,Sở Giao dịch Chứng khoán Hà Nội,False,False,6.433,,,Sở Giao dịch Chứng khoán Hà Nội,,,,,,,
9965351609,6611718005,1087647923,Sở Giao dịch Chứng khoán Hà Nội,False,True,23.326,,,Sở Giao dịch Chứng khoán Hà Nội,,,,,,,
9965351609,9965351611,1087647925,,False,False,32.426,,,,,,,,,,
9965351610,6611718006,1087647924,,False,False,5.434,,,,,,,,,,
9965351610,6611718005,1087647924,,False,True,35.645,,,,,,,,,,
9965351610,9965351612,1087647925,,False,True,19.974,,,,,,,,,,
9965351611,9965351612,1087647925,,False,False,4.264,,,,,,,,,,
9965351611,9965351609,1087647925,,False,True,32.426,,,,,,,,,,
9965351612,9965351610,1087647925,,False,False,19.974,,,,,,,,,,
9965351612,9965351611,1087647925,,False,True,4.264,,,,,,,,,,
9965351615,9965351616,1087647927,Ngân hàng Nhà nước Việt Nam,False,False,33.985,,,Ngân hàng Nhà nước Việt Nam,,,,,,,
9965351615,9965357125,1087647927,Ngân hàng Nhà nước Việt Nam,False,True,3.092,,,Ngân hàng Nhà nước Việt Nam,,,,,,,
9965351616,9965357117,1087647927,Ngân hàng Nhà nước Việt Nam,False,False,47.41,,,Ngân hàng Nhà nước Việt Nam,,,,,,,
9965351616,9965351615,1087647927,Ngân hàng Nhà nước Việt Nam,False,True,33.985,,,Ngân hàng Nhà nước Việt Nam,,,,,,,
9965357117,9965357123,1087647927,Ngân hàng Nhà nước Việt Nam,False,False,2.854,,,Ngân hàng Nhà nước Việt Nam,,,,,,,
9965357117,9965351616,1087647927,Ngân hàng Nhà nước Việt Nam,False,True,47.41,,,Ngân hàng Nhà nước Việt Nam,,,,,,,
9965357118,9965357119,1087647927,Ngân hàng Nhà nước Việt Nam,False,False,21.381,,,Ngân hàng Nhà nước Việt Nam,,,,,,,
9965357118,9965357123,1087647927,Ngân hàng Nhà nước Việt Nam,False,True,9.715,,,Ngân hàng Nhà nước Việt Nam,,,,,,,
9965357118,9965357121,1087647928,,False,False,39.59,,,,,,,,,,
9965357119,9965357120,1087647927,Ngân hàng Nhà nước Việt Nam,False,False,21.427,,,Ngân hàng Nhà nước Việt Nam,,,,,,,
9965357119,9965357118,1087647927,Ngân hàng Nhà nước Việt Nam,False,True,21.381,,,Ngân hàng Nhà nước Việt Nam,,,,,,,
9965357120,9965357122,1087647927,Ngân hàng Nhà nước Việt Nam,False,False,60.958,,,Ngân hàng Nhà nước Việt Nam,,,,,,,
9965357120,9965357119,1087647927,Ngân hàng Nhà nước Việt Nam,False,True,21.427,,,Ngân hàng Nhà nước Việt Nam,,,,,,,
9965357121,9965357122,1087647928,,False,False,21.399,,,,,,,,,,
9965357121,9965357118,1087647928,,False,True,39.59,,,,,,,,,,
9965357122,9965357125,1087647927,Ngân hàng Nhà nước Việt Nam,False,False,4.744,,,Ngân hàng Nhà nước Việt Nam,,,,,,,
9965357122,9965357120,1087647927,Ngân hàng Nhà nước Việt Nam,False,True,60.958,,,Ngân hàng Nhà nước Việt Nam,,,,,,,
9965357122,9965357121,1087647928,,False,True,21.399,,,,,,,,,,
9965357123,9965357118,1087647927,Ngân hàng Nhà nước Việt Nam,False,False,9.715,,,Ngân hàng Nhà nước Việt Nam,,,,,,,
9965357123,9965357117,1087647927,Ngân hàng Nhà nước Việt Nam,False,True,2.854,,,Ngân hàng Nhà nước Việt Nam,,,,,,,
9965357123,9965357124,1087647929,,False,False,44.252,,,,,,,,,,
9965357124,9965357125,1087647929,,False,False,30.989,,,,,,,,,,
9965357124,9965357123,1087647929,,False,True,44.252,,,,,,,,,,
9965357125,9965351615,1087647927,Ngân hàng Nhà nước Việt Nam,False,False,3.092,,,Ngân hàng Nhà nước Việt Nam,,,,,,,
9965357125,9965357122,1087647927,Ngân hàng Nhà nước Việt Nam,False,True,4.744,,,Ngân hàng Nhà nước Việt Nam,,,,,,,
9965357125,9965357124,1087647929,,False,True,30.989,,,,,,,,,,
9965975713,9965975714,1087707945,,False,False,31.361,,,,,,,,,,
9965975713,9965984736,1087707945,,False,True,4.174,,,,,,,,,,
9965975714,9965984728,1087707945,,False,False,1.434,,,,,,,,,,
9965975714,9965975713,1087707945,,False,True,31.361,,,,,,,,,,
9965975715,9965975716,1087707945,,False,False,4.969,,,,,,,,,,
9965975715,9965984727,1087707945,,False,True,6.422,,,,,,,,,,
9965975716,9965984717,1087707945,,False,False,3.798,,,,,,,,,,
9965975716,9965975715,1087707945,,False,True,4.969,,,,,,,,,,
9965984717,9965984735,1087707945,,False,False,3.446,,,,,,,,,,
9965984717,9965975716,1087707945,,False,True,3.798,,,,,,,,,,
9965984718,9965984719,1087707945,,False,False,31.398,,,,,,,,,,
9965984718,9965984735,1087707945,,False,True,2.038,,,,,,,,,,
9965984719,9965984724,1087707945,,False,False,35.755,,,,,,,,,,
9965984719,9965984718,1087707945,,False,True,31.398,,,,,,,,,,
9965984719,9965984750,1087707948,,False,True,3.854,,,,,,,,,,
9965984720,9965984723,1087707945,,False,False,21.404,,,,,,,,,,
9965984720,9965984751,1087707945,,False,True,1.991,,,,,,,,,,
9965984720,9965984764,1087707949,,False,True,35.755,,,,,,,,,,
9965984720,9965984752,1087707950,,False,False,5.0,,,,,,,,,,
9965984721,9965984736,1087707945,,False,False,34.329,,,,,,,,,,
9965984721,9965984722,1087707945,,False,True,4.321,,,,,,,,,,
9965984722,9965984721,1087707945,,False,False,4.321,,,,,,,,,,
9965984722,9965984723,1087707945,,False,True,21.19,,,,,,,,,,
9965984722,9965984737,1087707947,,False,True,34.297,,,,,,,,,,
9965984722,9965984754,1087707950,,False,True,6.383,,,,,,,,,,
9965984723,9965984722,1087707945,,False,False,21.19,,,,,,,,,,
9965984723,9965984720,1087707945,,False,True,21.404,,,,,,,,,,
9965984724,9965984751,1087707945,,False,False,3.63,,,,,,,,,,
9965984724,9965984719,1087707945,,False,True,35.755,,,,,,,,,,
9965984725,9965984726,1087707945,,False,False,4.51,,,,,,,,,,
9965984725,9965984728,1087707945,,False,True,4.146,,,,,,,,,,
9965984726,9965984727,1087707945,,False,False,5.466,,,,,,,,,,
9965984726,9965984725,1087707945,,False,True,4.51,,,,,,,,,,
9965984727,9965975715,1087707945,,False,False,6.422,,,,,,,,,,
9965984727,9965984726,1087707945,,False,True,5.466,,,,,,,,,,
9965984728,9965984725,1087707945,,False,False,4.146,,,,,,,,,,
9965984728,9965975714,1087707945,,False,True,1.434,,,,,,,,,,
9965984728,9965984729,1087707946,,False,False,3.695,,,,,,,,,,
9965984729,9965984730,1087707946,,False,False,4.921,,,,,,,,,,
9965984729,9965984728,1087707946,,False,True,3.695,,,,,,,,,,
9965984730,9965984731,1087707946,,False,False,5.547,,,,,,,,,,
9965984730,9965984729,1087707946,,False,True,4.921,,,,,,,,,,
9965984731,9965984732,1087707946,,False,False,5.417,,,,,,,,,,
9965984731,9965984730,1087707946,,False,True,5.547,,,,,,,,,,
9965984732,9965984733,1087707946,,False,False,5.062,,,,,,,,,,
9965984732,9965984731,1087707946,,False,True,5.417,,,,,,,,,,
9965984733,9965984734,1087707946,,False,False,3.765,,,,,,,,,,
9965984733,9965984732,1087707946,,False,True,5.062,,,,,,,,,,
9965984734,9965984735,1087707946,,False,False,2.34,,,,,,,,,,
9965984734,9965984733,1087707946,,False,True,3.765,,,,,,,,,,
9965984735,9965984718,1087707945,,False,False,2.038,,,,,,,,,,
9965984735,9965984717,1087707945,,False,True,3.446,,,,,,,,,,
9965984735,9965984734,1087707946,,False,True,2.34,,,,,,,,,,
9965984736,9965975713,1087707945,,False,False,4.174,,,,,,,,,,
9965984736,9965984721,1087707945,,False,True,34.329,,,,,,,,,,
9965984736,9965984737,1087707947,,False,False,4.44,,,,,,,,,,
9965984737,9965984722,1087707947,,False,False,34.297,,,,,,,,,,
9965984737,9965984736,1087707947,,False,True,4.44,,,,,,,,,,
9965984737,9965984738,1087707948,,False,False,7.866,,,,,,,,,,
9965984738,9965984755,1087707948,,False,False,23.928,,,,,,,,,,
9965984738,9965984737,1087707948,,False,True,7.866,,,,,,,,,,
9965984739,9965984740,1087707948,,False,False,3.468,,,,,,,,,,
9965984739,9965984755,1087707948,,False,True,15.164,,,,,,,,,,
9965984740,9965984741,1087707948,,False,False,3.178,,,,,,,,,,
9965984740,9965984739,1087707948,,False,True,3.468,,,,,,,,,,
9965984741,9965984742,1087707948,,False,False,4.937,,,,,,,,,,
9965984741,9965984740,1087707948,,False,True,3.178,,,,,,,,,,
9965984742,9965984743,1087707948,,False,False,4.785,,,,,,,,,,
9965984742,9965984741,1087707948,,False,True,4.937,,,,,,,,,,
9965984743,9965984744,1087707948,,False,False,5.781,,,,,,,,,,
9965984743,9965984742,1087707948,,False,True,4.785,,,,,,,,,,
9965984744,9965984745,1087707948,,False,False,4.542,,,,,,,,,,
9965984744,9965984743,1087707948,,False,True,5.781,,,,,,,,,,
9965984745,9965984746,1087707948,,False,False,3.195,,,,,,,,,,
9965984745,9965984744,1087707948,,False,True,4.542,,,,,,,,,,
9965984746,9965984747,1087707948,,False,False,2.605,,,,,,,,,,
9965984746,9965984745,1087707948,,False,True,3.195,,,,,,,,,,
9965984747,9965984748,1087707948,,False,False,2.921,,,,,,,,,,
9965984747,9965984746,1087707948,,False,True,2.605,,,,,,,,,,
9965984748,9965984749,1087707948,,False,False,38.11,,,,,,,,,,
9965984748,9965984747,1087707948,,False,True,2.921,,,,,,,,,,
9965984749,9965984750,1087707948,,False,False,3.308,,,,,,,,,,
9965984749,9965984748,1087707948,,False,True,38.11,,,,,,,,,,
9965984750,9965984719,1087707948,,False,False,3.854,,,,,,,,,,
9965984750,9965984749,1087707948,,False,True,3.308,,,,,,,,,,
9965984750,9965984764,1087707949,,False,False,1.768,,,,,,,,,,
9965984751,9965984720,1087707945,,False,False,1.991,,,,,,,,,,
9965984751,9965984724,1087707945,,False,True,3.63,,,,,,,,,,
9965984752,9965984753,1087707950,,False,False,27.7,,,,,,,,,,
9965984752,9965984720,1087707950,,False,True,5.0,,,,,,,,,,
9965984753,9965984754,1087707950,,False,False,26.089,,,,,,,,,,
9965984753,9965984752,1087707950,,False,True,27.7,,,,,,,,,,
9965984754,9965984722,1087707950,,False,False,6.383,,,,,,,,,,
9965984754,9965984753,1087707950,,False,True,26.089,,,,,,,,,,
9965984755,9965984739,1087707948,,False,False,15.164,,,,,,,,,,
9965984755,9965984738,1087707948,,False,True,23.928,,,,,,,,,,
9965984755,9965984756,1087707951,Bộ Tài chính,False,False,2.217,,,Bộ Tài chính,,,,,,,
9965984756,9965984757,1087707951,Bộ Tài chính,False,False,19.125,,,Bộ Tài chính,,,,,,,
9965984756,9965984755,1087707951,Bộ Tài chính,False,True,2.217,,,Bộ Tài chính,,,,,,,
9965984757,9965984758,1087707951,Bộ Tài chính,False,False,8.48,,,Bộ Tài chính,,,,,,,
9965984757,9965984756,1087707951,Bộ Tài chính,False,True,19.125,,,Bộ Tài chính,,,,,,,
9965984758,9965984759,1087707951,Bộ Tài chính,False,False,10.429,,,Bộ Tài chính,,,,,,,
9965984758,9965984757,1087707951,Bộ Tài chính,False,True,8.48,,,Bộ Tài chính,,,,,,,
9965984759,9965984760,1087707951,Bộ Tài chính,False,False,11.516,,,Bộ Tài chính,,,,,,,
9965984759,9965984758,1087707951,Bộ Tài chính,False,True,10.429,,,Bộ Tài chính,,,,,,,
9965984760,9965984761,1087707951,Bộ Tài chính,False,False,10.349,,,Bộ Tài chính,,,,,,,
9965984760,9965984759,1087707951,Bộ Tài chính,False,True,11.516,,,Bộ Tài chính,,,,,,,
9965984761,9965984762,1087707951,Bộ Tài chính,False,False,8.532,,,Bộ Tài chính,,,,,,,
9965984761,9965984760,1087707951,Bộ Tài chính,False,True,10.349,,,Bộ Tài chính,,,,,,,
9965984762,9965984763,1087707951,Bộ Tài chính,False,False,45.316,,,Bộ Tài chính,,,,,,,
9965984762,9965984761,1087707951,Bộ Tài chính,False,True,8.532,,,Bộ Tài chính,,,,,,,
9965984763,9965984764,1087707951,Bộ Tài chính,False,False,5.676,,,Bộ Tài chính,,,,,,,
9965984763,9965984762,1087707951,Bộ Tài chính,False,True,45.316,,,Bộ Tài chính,,,,,,,
9965984764,9965984720,1087707949,,False,False,35.755,,,,,,,,,,
9965984764,9965984750,1087707949,,False,True,1.768,,,,,,,,,,
9965984764,9965984763,1087707951,Bộ Tài chính,False,True,5.676,,,Bộ Tài chính,,,,,,,
9966134300,6611833242,704159203,Trường Đại học Dược Hà Nội,False,False,2.641,,,Trường Đại học Dược Hà Nội,,,,,,,
9966134300,7822814653,704159203,Trường Đại học Dược Hà Nội,False,True,237.74399999999997,,,Trường Đại học Dược Hà Nội,,"LINESTRING (105.8581737 21.0212327, 105.8579627 21.0218672, 105.8589229 21.0221513, 105.859093 21.021642)",,,,,
10142026283,7821985278,218631146,Bệnh viện Trung ương Quân đội 108,False,True,18.905,,,Bệnh viện Trung ương Quân đội 108,,,,,,,
10142026283,10142026286,218631146,Bệnh viện Trung ương Quân đội 108,False,False,1555.8319999999994,,,Bệnh viện Trung ương Quân đội 108,,"LINESTRING (105.8596587 21.0184073, 105.859624 21.0183156, 105.8590106 21.0181928, 105.8592706 21.0171431, 105.8597684 21.0148744, 105.8600542 21.0149344, 105.8601285 21.0146092, 105.8606928 21.0147201, 105.8608424 21.0140923, 105.8617766 21.0142848, 105.8617171 21.0145629, 105.8615771 21.0145349, 105.8614254 21.0151349, 105.8612065 21.0150914, 105.8611313 21.0154141, 105.8610929 21.0154045, 105.8610315 21.0156246, 105.8609775 21.0158677, 105.8610253 21.015877, 105.8610184 21.0159087, 105.8609925 21.0160246, 105.8609493 21.0161898, 105.8621929 21.0164198, 105.8619988 21.0172543, 105.8617572 21.0183384, 105.8616897 21.018396, 105.8611137 21.0183142, 105.8600724 21.0185861)",,,,,
10142026286,10142026287,218631146,Bệnh viện Trung ương Quân đội 108,False,False,34.041,,,Bệnh viện Trung ương Quân đội 108,,,,,,,
10142026286,10142026283,218631146,Bệnh viện Trung ương Quân đội 108,False,True,1555.8319999999994,,,Bệnh viện Trung ương Quân đội 108,,"LINESTRING (105.8600724 21.0185861, 105.8611137 21.0183142, 105.8616897 21.018396, 105.8617572 21.0183384, 105.8619988 21.0172543, 105.8621929 21.0164198, 105.8609493 21.0161898, 105.8609925 21.0160246, 105.8610184 21.0159087, 105.8610253 21.015877, 105.8609775 21.0158677, 105.8610315 21.0156246, 105.8610929 21.0154045, 105.8611313 21.0154141, 105.8612065 21.0150914, 105.8614254 21.0151349, 105.8615771 21.0145349, 105.8617171 21.0145629, 105.8617766 21.0142848, 105.8608424 21.0140923, 105.8606928 21.0147201, 105.8601285 21.0146092, 105.8600542 21.0149344, 105.8597684 21.0148744, 105.8592706 21.0171431, 105.8590106 21.0181928, 105.859624 21.0183156, 105.8596587 21.0184073)",,,,,
10142026287,10142026286,218631146,Bệnh viện Trung ương Quân đội 108,False,True,34.041,,,Bệnh viện Trung ương Quân đội 108,,,,,,,
10142026287,7821985278,1108445914,,False,False,12.187,,,,,,,,,,
10543481573,11080416518,862095198,Tập đoàn Hóa chất Việt Nam,False,False,23.357,,,Tập đoàn Hóa chất Việt Nam,,,,,commercial,,
10543481573,8032519296,862095198,Tập đoàn Hóa chất Việt Nam,False,True,13.54,,,Tập đoàn Hóa chất Việt Nam,,,,,commercial,,
11080416518,10543481573,862095198,Tập đoàn Hóa chất Việt Nam,False,True,23.357,,,Tập đoàn Hóa chất Việt Nam,,,,,commercial,,
11080416518,7822814640,862095198,Tập đoàn Hóa chất Việt Nam,False,False,30.619,,,Tập đoàn Hóa chất Việt Nam,,"LINESTRING (105.8588829 21.0241881, 105.8589001 21.0241323, 105.8588023 21.0241038, 105.8588377 21.0239867)",,,commercial,,
11080416518,8032519296,1131208927,,False,False,45.691,,,,,"LINESTRING (105.8588829 21.0241881, 105.8588423 21.0241767, 105.8588047 21.0242932, 105.8590608 21.0243652)",,,,,
11217947393,8027379768,704159202,Sun Red River,False,False,54.184,,,Sun Red River,,,,,,,
11217947393,6611833204,704159202,Sun Red River,False,True,6.018,,,Sun Red River,,,,,,,
11217947399,11217947400,1210768375,,False,False,32.317,,,,,,,,,,
11217947399,11217947404,1210768375,,False,True,11.896,,,,,,,,,,
11217947399,11217947409,1210768377,,False,False,6.508,,,,,,,,,,
11217947400,11217947399,1210768375,,False,True,32.317,,,,,,,,,,
11217947400,11217947404,1210768375,,False,False,48.059,,,,,"LINESTRING (105.8556397 21.0213738, 105.8557653 21.0213367, 105.8558406 21.0215587, 105.855822 21.0215642, 105.8558413 21.0216195)",,,,,
11217947400,11217947410,1210768377,,False,True,11.552,,,,,"LINESTRING (105.8556397 21.0213738, 105.8556253 21.0213305, 105.8555654 21.0213479)",,,,,
11217947404,11217947399,1210768375,,False,False,11.896,,,,,,,,,,
11217947404,11217947412,1210768378,Thành Đoàn Hà Nội,False,False,11.351,,,Thành Đoàn Hà Nội,,,,,commercial,,
11217947404,11217947400,1210768375,,False,True,48.059,,,,,"LINESTRING (105.8558413 21.0216195, 105.855822 21.0215642, 105.8558406 21.0215587, 105.8557653 21.0213367, 105.8556397 21.0213738)",,,,,
11217947406,11217947407,1210768376,,False,False,11.229,,,,,,,,,,
11217947406,11217947413,1210768378,Thành Đoàn Hà Nội,False,False,18.527,,,Thành Đoàn Hà Nội,,,,,commercial,,
11217947406,11217947408,1210768376,,False,True,16.477,,,,,"LINESTRING (105.8557311 21.0212832, 105.855746 21.0213283, 105.8558494 21.0212986)",,,,,
11217947407,11217947408,1210768376,,False,False,5.248,,,,,,,,,,
11217947407,11217947406,1210768376,,False,True,11.229,,,,,,,,,,
11217947407,11217947429,1210768381,,False,False,37.592,,,,,,,,commercial,,
11217947408,11217947407,1210768376,,False,True,5.248,,,,,,,,,,
11217947408,11217947435,1210768378,Thành Đoàn Hà Nội,False,True,18.657,,,Thành Đoàn Hà Nội,,,,,commercial,,
11217947408,11217947406,1210768376,,False,False,16.477,,,,,"LINESTRING (105.8558494 21.0212986, 105.855746 21.0213283, 105.8557311 21.0212832)",,,,,
11217947409,11217947410,1210768377,,False,False,37.348,,,,,,,,,,
11217947409,11217947399,1210768377,,False,True,6.508,,,,,,,,,,
11217947410,11217947409,1210768377,,False,True,37.348,,,,,,,,,,
11217947410,11217947413,1210768378,Thành Đoàn Hà Nội,False,True,1.783,,,Thành Đoàn Hà Nội,,,,,commercial,,
11217947410,11217947400,1210768377,,False,False,11.552,,,,,"LINESTRING (105.8555654 21.0213479, 105.8556253 21.0213305, 105.8556397 21.0213738)",,,,,
11217947412,11217947435,1210768378,Thành Đoàn Hà Nội,False,False,15.226,,,Thành Đoàn Hà Nội,,,,,commercial,,
11217947412,11217947404,1210768378,Thành Đoàn Hà Nội,False,True,11.351,,,Thành Đoàn Hà Nội,,,,,commercial,,
11217947413,11217947410,1210768378,Thành Đoàn Hà Nội,False,False,1.783,,,Thành Đoàn Hà Nội,,,,,commercial,,
11217947413,11217947406,1210768378,Thành Đoàn Hà Nội,False,True,18.527,,,Thành Đoàn Hà Nội,,,,,commercial,,
11217947413,11217947419,1210768381,,False,True,134.512,,,,,"LINESTRING (105.8555606 21.0213325, 105.8546777 21.0215898, 105.8545672 21.0212592)",,,commercial,,
11217947419,11217947429,1210768380,,False,True,125.639,,,,,,,,commercial,,
11217947419,11217947413,1210768381,,False,False,134.512,,,,,"LINESTRING (105.8545672 21.0212592, 105.8546777 21.0215898, 105.8555606 21.0213325)",,,commercial,,
11217947429,11217947419,1210768380,,False,False,125.639,,,,,,,,commercial,,
11217947429,11217947407,1210768381,,False,True,37.592,,,,,,,,commercial,,
11217947435,11217947408,1210768378,Thành Đoàn Hà Nội,False,False,18.657,,,Thành Đoàn Hà Nội,,,,,commercial,,
11217947435,11217947412,1210768378,Thành Đoàn Hà Nội,False,True,15.226,,,Thành Đoàn Hà Nội,,,,,commercial,,
11268532871,7821985284,838072704,,False,True,10.088,,,,,,,,,,
11268532871,7821985270,838072704,,False,False,25.679,,,,,"LINESTRING (105.8603055 21.0183021, 105.8603864 21.0183185, 105.8604226 21.0181686)",,,,,
