source,target,osmid,lanes,name,highway,length
75618029,6646826309,9965723,2,Phố Tràng Tiền,secondary,15.408
75618029,8184202960,605230289,3,Phố Ngô Quyền,tertiary,16.703
75618029,6646826310,1223365201,3,Phố Ngô Quyền,tertiary,15.069
75618029,6646826311,1223365293,2,Phố Tràng Tiền,secondary,15.221
81817652,6648055354,965634323,2,,secondary,5.328
81817652,9999,29046480,,Phố Cổ Tân,residential,29.1595
9999,8324080738,29046480,,Phố Cổ Tân,residential,29.1595
81817652,4902374737,943964872,2,,secondary,16.168
84799736,10142638810,211898685,1,,primary_link,17.509
84799736,9998,838062935,2,Đường Trần Khánh Dư,primary,161.5025
9998,84799740,838062935,2,Đường Trần Khánh Dư,primary,161.5025
84799736,9997,838062935,2,Đường Trần Khánh Dư,primary,51.112
9997,10142638734,838062935,2,Đường Trần Khánh Dư,primary,51.112
84799740,438042805,838062935,2,Đường Trần Khánh Dư,primary,47.981
84799740,9996,838062935,2,Đường Trần Khánh Dư,primary,161.5025
9996,84799736,838062935,2,Đường Trần Khánh Dư,primary,161.5025
84799740,9995,211897425,1,,primary_link,38.974000000000004
9995,10142638778,211897425,1,,primary_link,38.974000000000004
84799740,309653586,702910582,,Phố Cầu Đất,residential,24.767000000000003
84799897,9994,838062938,4,Đường Trần Khánh Dư,primary,25.7
9994,7821910479,838062938,4,Đường Trần Khánh Dư,primary,25.7
84799897,9993,211898685,1,,primary_link,69.71449999999999
9993,10142638810,211898685,1,,primary_link,69.71449999999999
84799897,9992,838062938,4,Đường Trần Khánh Dư,primary,56.6605
9992,10142638747,838062938,4,Đường Trần Khánh Dư,primary,56.6605
98009137,9991,399561785,2,Phố Hai Bà Trưng,tertiary,78.819
9991,8176640954,399561785,2,Phố Hai Bà Trưng,tertiary,78.819
98010040,8178544891,764854185,3,Phố Hàng Bài,secondary,15.346
98010040,6689685037,1223385256,2,Phố Hai Bà Trưng,tertiary,16.391
98010040,6689685038,1223385257,3,Phố Hàng Bài,secondary,15.857
98010040,8176640954,399561785,2,Phố Hai Bà Trưng,tertiary,17.654
98010042,6684786556,605230289,3,Phố Ngô Quyền,tertiary,12.505
98010042,6684786558,769798547,2,Phố Hai Bà Trưng,tertiary,18.56
98010042,8184202934,769798548,3,Phố Ngô Quyền,tertiary,21.302
98010042,11379754649,1223385256,2,Phố Hai Bà Trưng,tertiary,20.727
98010334,6689686493,769798548,3,Phố Ngô Quyền,tertiary,16.029
98010334,8184202898,769798549,3,Phố Ngô Quyền,tertiary,21.571
98010334,6689686492,953227390,2,Phố Lý Thường Kiệt,tertiary,16.591
98010334,6689686491,953227392,2,Phố Lý Thường Kiệt,tertiary,15.53
98010335,6662289398,769798549,3,Phố Ngô Quyền,tertiary,12.915
98010335,6662289397,838508585,2,Phố Trần Hưng Đạo,secondary,16.581
98010335,8184202876,943964887,3,Phố Ngô Quyền,tertiary,24.957
98010335,6662289399,943964888,2,Phố Trần Hưng Đạo,secondary,16.3
98010336,6689473460,28103280,2,Phố Hàm Long,residential,17.538
98010336,6685594998,28103280,2,Phố Hàm Long,residential,11.668
98010336,8184202872,711372254,2,Phố Ngô Thì Nhậm,tertiary,7.468
98010336,6689473461,943964887,3,Phố Ngô Quyền,tertiary,11.118
98010926,6662355785,838508585,2,Phố Trần Hưng Đạo,secondary,19.067
98010926,6662352883,943964869,2,Phố Trần Hưng Đạo,secondary,18.291
98010926,6662352884,943964870,2,Phố Phan Chu Trinh,tertiary,8.339
98010926,6662352882,953227391,2,Phố Phan Chu Trinh,tertiary,19.257
98012399,6662352881,11550307,2,Phố Phan Chu Trinh,tertiary,11.191
98012399,6662352879,601595920,2,Phố Lý Thường Kiệt,tertiary,16.807
98012399,6662352880,953227391,2,Phố Phan Chu Trinh,tertiary,18.905
98012399,6662352878,953227392,2,Phố Lý Thường Kiệt,tertiary,14.174
98014765,9990,943964888,2,Phố Trần Hưng Đạo,secondary,49.4345
9990,4023430929,943964888,2,Phố Trần Hưng Đạo,secondary,49.4345
102985443,9989,11550267,,Phố Lý Đạo Thành,residential,68.4475
9989,10586767714,11550267,,Phố Lý Đạo Thành,residential,68.4475
102985443,9988,28924658,,Phố Tông Đản,residential,38.667500000000004
9988,6647207214,28924658,,Phố Tông Đản,residential,38.667500000000004
102985443,9987,28924658,,Phố Tông Đản,residential,208.067
9987,271745504,28924658,,Phố Tông Đản,residential,208.067
102985443,9986,29046480,,Phố Cổ Tân,residential,42.400999999999996
9986,8324080738,29046480,,Phố Cổ Tân,residential,42.400999999999996
102985688,6662487546,11550307,2,Phố Phan Chu Trinh,tertiary,14.447
102985688,6662487549,707060209,2,Phố Hai Bà Trưng,tertiary,16.05
102985688,6662487548,954856201,2,Phố Phan Chu Trinh,tertiary,15.763
102985688,6662487547,954856202,2,Phố Hai Bà Trưng,tertiary,17.678
102986558,6685594995,11550985,2,Phố Hàn Thuyên,tertiary,23.016
102986558,10130015979,28103280,2,Phố Hàm Long,residential,19.763
102986558,10130015981,457131694,2,Phố Lê Văn Hưu,tertiary,20.045
102986558,6685594997,711138757,2,Phố Lò Đúc,tertiary,19.103
102986558,6685594996,711138761,2,Phố Phan Chu Trinh,tertiary,13.257
102987953,10142638679,211930307,,Phố Đinh Công Tráng,residential,7.502
102987953,9985,686156629,2,Đường Trần Khánh Dư,secondary,38.259
9985,102987955,686156629,2,Đường Trần Khánh Dư,secondary,38.259
102987953,10142638686,711132577,2,Đường Trần Khánh Dư,secondary,2.21
102987955,102987956,686156629,2,Đường Trần Khánh Dư,secondary,25.057
102987955,9984,686156629,2,Đường Trần Khánh Dư,secondary,38.259
9984,102987953,686156629,2,Đường Trần Khánh Dư,secondary,38.259
102987956,102987955,686156629,2,Đường Trần Khánh Dư,secondary,25.057
102987956,102987957,813360486,2,Phố Trần Hưng Đạo,secondary,10.704
102987956,6685527205,600115734,2,Đường Trần Khánh Dư,secondary,16.358
102987957,442601282,813360486,2,Phố Trần Hưng Đạo,secondary,45.258
102987957,102987956,813360486,2,Phố Trần Hưng Đạo,secondary,10.704
102987961,6689572373,59150901,4,Phố Trần Thánh Tông,tertiary,26.838
102987961,6352370306,832454962,2,Phố Lê Thánh Tông,tertiary,28.907
102987961,6689572375,943964869,2,Phố Trần Hưng Đạo,secondary,16.462
102987961,6689572371,1226365019,2,Phố Trần Hưng Đạo,secondary,24.8
102987962,10142638747,838062938,4,Đường Trần Khánh Dư,primary,7.453
102987962,9983,11005894,1,Đường Trần Khánh Dư,secondary,44.516
9983,5707599790,11005894,1,Đường Trần Khánh Dư,secondary,44.516
102987962,9982,711134054,2,Đường Trần Khánh Dư,primary,28.1385
9982,10142638729,711134054,2,Đường Trần Khánh Dư,primary,28.1385
102989115,6689625513,601595920,2,Phố Lý Thường Kiệt,tertiary,12.515
102989115,6689625514,769787747,2,Phố Lê Thánh Tông,tertiary,15.35
102989115,9966134298,964674136,2,Phố Lê Thánh Tông,tertiary,4.24
102989116,6644534246,28924660,,Phố Đặng Thái Thân,residential,15.712
102989116,6648288794,399565639,2,Phố Lê Thánh Tông,tertiary,29.079
102989116,6644534247,954856202,2,Phố Hai Bà Trưng,tertiary,21.565
102989116,6644534248,964674136,2,Phố Lê Thánh Tông,tertiary,20.52
102989711,8189781573,11550869,,Phố Hàng Chuối,residential,10.188
102989711,6689572381,11550985,2,Phố Hàn Thuyên,tertiary,9.634
102989711,6689572379,11550985,2,Phố Hàn Thuyên,tertiary,12.877
102989711,6689572378,711525565,,Phố Phan Huy Chú,residential,10.621
102989712,6689701339,28103437,,Phố Phan Huy Chú,residential,14.629
102989712,6689701340,711525565,,Phố Phan Huy Chú,residential,19.001
102989712,6689701342,943964869,2,Phố Trần Hưng Đạo,secondary,12.252
102989712,6689701341,943964869,2,Phố Trần Hưng Đạo,secondary,12.662
102989719,9966134316,28103437,,Phố Phan Huy Chú,residential,9.75
102989719,8189781466,601595920,2,Phố Lý Thường Kiệt,tertiary,18.909
102989719,6689625513,601595920,2,Phố Lý Thường Kiệt,tertiary,44.191
102989719,8189781468,28103437,,Phố Phan Huy Chú,residential,19.139
102990398,9981,28103280,2,Phố Hàm Long,residential,152.5385
9981,4023430927,28103280,2,Phố Hàm Long,residential,152.5385
103001099,9980,464097835,2,Phố Lò Đúc,tertiary,242.5285
9980,6685594997,464097835,2,Phố Lò Đúc,tertiary,242.5285
271745504,9979,28924658,,Phố Tông Đản,residential,208.067
9979,102985443,28924658,,Phố Tông Đản,residential,208.067
308717223,6689675996,28103437,,Phố Phan Huy Chú,residential,13.38
308717223,9978,964674136,2,Phố Lê Thánh Tông,tertiary,45.853
9978,6689625512,964674136,2,Phố Lê Thánh Tông,tertiary,45.853
308717223,6689625511,964674136,2,Phố Lê Thánh Tông,tertiary,4.61
308717227,9977,11550869,,Phố Hàng Chuối,residential,239.6735
9977,8189781573,11550869,,Phố Hàng Chuối,residential,239.6735
309597639,6646826310,1223365201,3,Phố Ngô Quyền,tertiary,39.051
309597640,9976,28869504,,Phố Nguyễn Xí,residential,26.2875
9976,10142026275,28869504,,Phố Nguyễn Xí,residential,26.2875
309653586,10988320675,28191490,,Phố Cầu Đất,residential,5.576
309653586,9975,600157694,,Đường Hồng Hà,residential,62.1205
9975,10175009785,600157694,,Đường Hồng Hà,residential,62.1205
309653586,9974,702910581,,Đường Hồng Hà,residential,52.1015
9974,320410406,702910581,,Đường Hồng Hà,residential,52.1015
309653586,84799740,702910582,,Phố Cầu Đất,residential,24.767000000000003
309653587,10118488798,38134265,4,Đường Trần Khánh Dư,primary,38.292
309653587,9973,954856205,4,Đường Trần Khánh Dư,primary,50.517
9973,438042806,954856205,4,Đường Trần Khánh Dư,primary,50.517
317367071,9972,9965723,2,Phố Tràng Tiền,secondary,32.699
9972,6646826309,9965723,2,Phố Tràng Tiền,secondary,32.699
317367071,8184606179,9965723,2,Phố Tràng Tiền,secondary,9.739
317367071,10142026275,28869504,,Phố Nguyễn Xí,residential,9.248
317968648,993037677,28924658,,Phố Tông Đản,residential,4.34
317968648,6647111311,711128281,1,Phố Tràng Tiền,secondary,8.962
317968648,9971,711128281,1,Phố Tràng Tiền,secondary,33.7205
9971,10142649478,711128281,1,Phố Tràng Tiền,secondary,33.7205
317968654,6644037905,28924660,,Phố Đặng Thái Thân,residential,8.187
317968654,6644037904,684089070,,Phố Phạm Ngũ Lão,residential,9.484
317968654,8817435380,684089070,,Phố Phạm Ngũ Lão,residential,48.735
317968666,6676496647,28924665,2,Phố Trần Thánh Tông,tertiary,22.71
317968666,2218590775,59150901,4,Phố Trần Thánh Tông,tertiary,15.177
317968666,6676496648,1226366005,2,Phố Tăng Bạt Hổ,tertiary,24.238
317968674,9970,28924665,2,Phố Trần Thánh Tông,tertiary,272.511
9970,6676496647,28924665,2,Phố Trần Thánh Tông,tertiary,272.511
319490478,10586767714,11550267,,Phố Lý Đạo Thành,residential,8.644
319490478,9969,498896871,3,Phố Lý Thái Tổ,tertiary,26.659
9969,4902374741,498896871,3,Phố Lý Thái Tổ,tertiary,26.659
319490478,9968,498896871,3,Phố Lý Thái Tổ,tertiary,108.122
9968,1813639973,498896871,3,Phố Lý Thái Tổ,tertiary,108.122
319490480,6644037905,28924660,,Phố Đặng Thái Thân,residential,24.684
319490480,9967,28924660,,Phố Đặng Thái Thân,residential,40.0935
9967,4022981145,28924660,,Phố Đặng Thái Thân,residential,40.0935
319490483,9966,1226366005,2,Phố Tăng Bạt Hổ,tertiary,64.029
9966,2218590791,1226366005,2,Phố Tăng Bạt Hổ,tertiary,64.029
320410353,9965,772375883,2,Đường Trần Quang Khải,primary,303.19250000000005
9965,438042805,772375883,2,Đường Trần Quang Khải,primary,303.19250000000005
320410406,9964,702910581,,Đường Hồng Hà,residential,52.1015
9964,309653586,702910581,,Đường Hồng Hà,residential,52.1015
320410406,9963,702910581,,Đường Hồng Hà,residential,35.237
9963,5704400890,702910581,,Đường Hồng Hà,residential,35.237
320410409,10142638719,29124255,,Vạn Kiếp,residential,10.288
320410409,9962,600157694,,Đường Hồng Hà,residential,52.9285
9962,5707599746,600157694,,Đường Hồng Hà,residential,52.9285
320410409,9961,"[408489723, 29124255]",2,"['Đường Bạch Đằng', 'Vạn Kiếp']","['residential', 'tertiary']",147.952
9961,5707599742,"[408489723, 29124255]",2,"['Đường Bạch Đằng', 'Vạn Kiếp']","['residential', 'tertiary']",147.952
320410409,9960,772375884,,Đường Nguyễn Khoái,residential,210.989
9960,320410412,772375884,,Đường Nguyễn Khoái,residential,210.989
320410412,9959,772375884,,Đường Nguyễn Khoái,residential,210.989
9959,320410409,772375884,,Đường Nguyễn Khoái,residential,210.989
438042805,84799740,838062935,2,Đường Trần Khánh Dư,primary,47.981
438042805,9958,211897427,1,,primary_link,46.798
9958,6600251029,211897427,1,,primary_link,46.798
438042805,9957,772375883,2,Đường Trần Quang Khải,primary,303.1925
9957,320410353,772375883,2,Đường Trần Quang Khải,primary,303.1925
438042806,10142638778,211897425,1,,primary_link,20.367
438042806,9956,954856205,4,Đường Trần Khánh Dư,primary,50.517
9956,309653587,954856205,4,Đường Trần Khánh Dư,primary,50.517
438042806,6600251026,954856205,4,Đường Trần Khánh Dư,primary,47.357
438042808,6600251031,38134264,4,Đường Trần Quang Khải,primary,23.944
438042808,9955,"[38134264, 37933056]","['1', '4']",Đường Trần Quang Khải,"['primary_link', 'primary']",109.4585
9955,10586767712,"[38134264, 37933056]","['1', '4']",Đường Trần Quang Khải,"['primary_link', 'primary']",109.4585
442601282,10139319557,813360486,2,Phố Trần Hưng Đạo,secondary,11.753
442601282,102987957,813360486,2,Phố Trần Hưng Đạo,secondary,45.258
443033372,9954,28191490,,Phố Cầu Đất,residential,102.3115
9954,10988320675,28191490,,Phố Cầu Đất,residential,102.3115
443033372,9953,408489723,2,Đường Bạch Đằng,tertiary,57.177
9953,5704400886,408489723,2,Đường Bạch Đằng,tertiary,57.177
443033372,9952,408489723,2,Đường Bạch Đằng,tertiary,392.43999999999994
9952,975689707,408489723,2,Đường Bạch Đằng,tertiary,392.43999999999994
445371170,6689701337,813360486,2,Phố Trần Hưng Đạo,secondary,25.64
445371170,9951,813360486,2,Phố Trần Hưng Đạo,secondary,46.692
9951,10139319557,813360486,2,Phố Trần Hưng Đạo,secondary,46.692
445371197,10586767712,37933056,1,,primary_link,15.957
445371197,2302089256,704147261,2,Phố Tràng Tiền,secondary,28.622
445371197,6647207216,711128280,1,Phố Tràng Tiền,secondary,18.899
445371197,6647207215,711128282,1,Phố Tràng Tiền,secondary,19.568
975689707,9950,408489723,2,Đường Bạch Đằng,tertiary,392.44
9950,443033372,408489723,2,Đường Bạch Đằng,tertiary,392.44
993037624,2302089248,711128281,1,Phố Tràng Tiền,secondary,9.346
993037624,5843520141,85608570,2,,secondary,33.445
993037624,6648055354,954856203,2,,secondary,7.126
993037639,6662487544,954856201,2,Phố Phan Chu Trinh,tertiary,34.017
993037639,993037757,943964871,2,,secondary,24.57
993037639,5843520141,946030643,2,,secondary,20.003000000000004
993037677,317968648,28924658,,Phố Tông Đản,residential,4.34
993037677,6647207214,28924658,,Phố Tông Đản,residential,8.338
993037677,6647111311,711128283,1,Phố Tràng Tiền,secondary,9.177
993037677,9949,711128283,1,Phố Tràng Tiền,secondary,33.6785
9949,10142649479,711128283,1,Phố Tràng Tiền,secondary,33.6785
993037757,6662487543,605230286,2,Phố Tràng Tiền,secondary,30.344
993037757,993037639,943964871,2,,secondary,24.57
993037757,4902374737,943964871,2,,secondary,5.585999999999999
995292117,9948,600115734,2,Đường Trần Khánh Dư,secondary,40.623999999999995
9948,6689745530,600115734,2,Đường Trần Khánh Dư,secondary,40.623999999999995
1813639973,9947,498896871,3,Phố Lý Thái Tổ,tertiary,108.122
9947,319490478,498896871,3,Phố Lý Thái Tổ,tertiary,108.122
1819499860,8178545046,170810312,,Phố Vọng Đức,residential,9.413
1819499860,9946,769798549,3,Phố Ngô Quyền,tertiary,64.9515
9946,6662289398,769798549,3,Phố Ngô Quyền,tertiary,64.9515
1819499860,8184202898,769798549,3,Phố Ngô Quyền,tertiary,30.423
1819499861,8178545045,170810312,,Phố Vọng Đức,residential,6.41
2218334196,10118488793,11550678,1,Đường Trần Khánh Dư,secondary,18.544
2218334196,9945,838062935,2,Đường Trần Khánh Dư,primary,27.925
9945,10118488791,838062935,2,Đường Trần Khánh Dư,primary,27.925
2218334196,9944,"[28102704, 711134702]",2,Đường Trần Khánh Dư,primary,67.277
9944,6648288796,"[28102704, 711134702]",2,Đường Trần Khánh Dư,primary,67.277
2218568787,8817349971,211930307,,Phố Đinh Công Tráng,residential,13.461
2218568787,9943,211930307,,Phố Đinh Công Tráng,residential,38.001999999999995
9943,5707599770,211930307,,Phố Đinh Công Tráng,residential,38.001999999999995
2218568787,9942,684089070,,Phố Phạm Ngũ Lão,residential,32.5705
9942,8817346153,684089070,,Phố Phạm Ngũ Lão,residential,32.5705
2218590775,6689572373,59150901,4,Phố Trần Thánh Tông,tertiary,11.584
2218590775,317968666,59150901,4,Phố Trần Thánh Tông,tertiary,15.177
2218590775,10139319599,880504074,,,tertiary_link,17.451
2218590775,10139319662,211933296,,,residential,30.595
2218590791,6676496648,1226366005,2,Phố Tăng Bạt Hổ,tertiary,43.177
2218590791,9941,211933296,,,residential,33.736000000000004
9941,10139319662,211933296,,,residential,33.736000000000004
2218590791,9940,1226366005,2,Phố Tăng Bạt Hổ,tertiary,64.029
9940,319490483,1226366005,2,Phố Tăng Bạt Hổ,tertiary,64.029
2302089248,993037624,711128281,1,Phố Tràng Tiền,secondary,9.346
2302089248,10142649478,711128281,1,Phố Tràng Tiền,secondary,32.018
2302089256,6647111314,684089070,,Phố Phạm Ngũ Lão,residential,14.546
2302089256,10586767710,704147261,2,Phố Tràng Tiền,secondary,9.884
2302089256,445371197,704147261,2,Phố Tràng Tiền,secondary,28.622
2302090839,8178545045,170810312,,Phố Vọng Đức,residential,48.687
2302090839,9939,170810312,,Phố Vọng Đức,residential,35.5205
9939,6385048445,170810312,,Phố Vọng Đức,residential,35.5205
2474695878,5704543860,600544651,,Vạn Kiếp,residential,6.198
2474695878,10142638698,600544652,,,steps,3.948
2474695878,6685527206,711134699,2,Đường Nguyễn Khoái,primary,8.283
2474695878,6648288797,711134701,2,Đường Trần Khánh Dư,primary,7.51
4022961193,8184202923,399565363,,Phố Nguyễn Khắc Cần,residential,5.47
4022961193,9938,953227392,2,Phố Lý Thường Kiệt,tertiary,29.3325
9938,6689686491,953227392,2,Phố Lý Thường Kiệt,tertiary,29.3325
4022961193,9937,953227392,2,Phố Lý Thường Kiệt,tertiary,56.1265
9937,6662352878,953227392,2,Phố Lý Thường Kiệt,tertiary,56.1265
4022961194,8184202924,399565363,,Phố Nguyễn Khắc Cần,residential,5.595
4022961194,9936,707060209,2,Phố Hai Bà Trưng,tertiary,52.6015
9936,6662487549,707060209,2,Phố Hai Bà Trưng,tertiary,52.6015
4022961194,9935,769798547,2,Phố Hai Bà Trưng,tertiary,30.0775
9935,6684786558,769798547,2,Phố Hai Bà Trưng,tertiary,30.0775
4022961194,8184202954,769798551,,Phố Nguyễn Khắc Cần,residential,4.537
4022961195,9934,605230286,2,Phố Tràng Tiền,secondary,43.001
9934,6662487543,605230286,2,Phố Tràng Tiền,secondary,43.001
4022961195,8184202955,769798551,,Phố Nguyễn Khắc Cần,residential,6.586
4022961195,9933,1223365293,2,Phố Tràng Tiền,secondary,33.207
9933,6646826311,1223365293,2,Phố Tràng Tiền,secondary,33.207
4022966514,9932,704147265,,Ngõ Tràng Tiền,residential,57.044
9932,8184202956,704147265,,Ngõ Tràng Tiền,residential,57.044
4022966514,9931,769798551,,Phố Nguyễn Khắc Cần,residential,26.9225
9931,8184202955,769798551,,Phố Nguyễn Khắc Cần,residential,26.9225
4022966514,8716653468,769798551,,Phố Nguyễn Khắc Cần,residential,49.591
4022966515,8184202956,704147265,,Ngõ Tràng Tiền,residential,7.879
4022966515,6662487544,954856201,2,Phố Phan Chu Trinh,tertiary,4.486
4022966515,9930,954856201,2,Phố Phan Chu Trinh,tertiary,36.537
9930,6662487548,954856201,2,Phố Phan Chu Trinh,tertiary,36.537
4022968801,9929,600022137,,,residential,44.68
9929,5707060235,600022137,,,residential,44.68
4022968801,9928,684089070,,Phố Phạm Ngũ Lão,residential,34.197
9928,5707054208,684089070,,Phố Phạm Ngũ Lão,residential,34.197
4022968801,9927,684089070,,Phố Phạm Ngũ Lão,residential,52.021
9927,7822814654,684089070,,Phố Phạm Ngũ Lão,residential,52.021
4022981145,9926,28924660,,Phố Đặng Thái Thân,residential,40.0935
9926,319490480,28924660,,Phố Đặng Thái Thân,residential,40.0935
4022981145,9925,28924660,,Phố Đặng Thái Thân,residential,26.301
9925,6644534244,28924660,,Phố Đặng Thái Thân,residential,26.301
4022981145,10142034366,684089069,,Ngõ 3B Phố Đặng Thái Thân,residential,4.548
4023430927,6689431165,28103280,2,Phố Hàm Long,residential,6.148
4023430927,9924,28103280,2,Phố Hàm Long,residential,152.5385
9924,102990398,28103280,2,Phố Hàm Long,residential,152.5385
4023430929,8178544953,399627032,,Phố Nguyễn Chế Nghĩa,residential,9.717
4023430929,6662289399,943964888,2,Phố Trần Hưng Đạo,secondary,44.348
4023430929,9923,943964888,2,Phố Trần Hưng Đạo,secondary,49.4345
9923,98014765,943964888,2,Phố Trần Hưng Đạo,secondary,49.4345
4902374735,5843520141,399565639,2,Phố Lê Thánh Tông,tertiary,14.821
4902374735,5704382355,399565639,2,Phố Lê Thánh Tông,tertiary,41.683
4902374737,4902374741,498896871,3,Phố Lý Thái Tổ,tertiary,30.002
4902374737,993037757,943964871,2,,secondary,5.585999999999999
4902374737,81817652,943964872,2,,secondary,16.168
4902374741,9922,498896871,3,Phố Lý Thái Tổ,tertiary,26.659
9922,319490478,498896871,3,Phố Lý Thái Tổ,tertiary,26.659
4902374741,4902374737,498896871,3,Phố Lý Thái Tổ,tertiary,30.002
5704353664,9921,399565363,,Phố Nguyễn Khắc Cần,residential,39.14
9921,8184202924,399565363,,Phố Nguyễn Khắc Cần,residential,39.14
5704353664,9920,399565363,,Phố Nguyễn Khắc Cần,residential,40.2
9920,8184202923,399565363,,Phố Nguyễn Khắc Cần,residential,40.2
5704353664,9919,599635078,,Phố Phạm Sư Mạnh,residential,57.838
9919,8184202925,599635078,,Phố Phạm Sư Mạnh,residential,57.838
5704353664,9918,599635078,,Phố Phạm Sư Mạnh,residential,34.795
9918,8184202922,599635078,,Phố Phạm Sư Mạnh,residential,34.795
5704353665,8184202922,599635078,,Phố Phạm Sư Mạnh,residential,7.737
5704353665,9917,769798548,3,Phố Ngô Quyền,tertiary,34.763
9917,6689686493,769798548,3,Phố Ngô Quyền,tertiary,34.763
5704353665,9916,769798548,3,Phố Ngô Quyền,tertiary,31.5885
9916,8184202934,769798548,3,Phố Ngô Quyền,tertiary,31.5885
5704382342,6647111314,684089070,,Phố Phạm Ngũ Lão,residential,38.643
5704382342,8324108045,684089070,,Phố Phạm Ngũ Lão,residential,19.549
5704382344,9915,684089070,,Phố Phạm Ngũ Lão,residential,33.8825
9915,8324108045,684089070,,Phố Phạm Ngũ Lão,residential,33.8825
5704382344,6644037904,684089070,,Phố Phạm Ngũ Lão,residential,39.215
5704382355,9914,399565639,2,Phố Lê Thánh Tông,tertiary,36.502
9914,6648288794,399565639,2,Phố Lê Thánh Tông,tertiary,36.502
5704382355,4902374735,399565639,2,Phố Lê Thánh Tông,tertiary,41.683
5704382356,9913,11550307,2,Phố Phan Chu Trinh,tertiary,34.0305
9913,6662487546,11550307,2,Phố Phan Chu Trinh,tertiary,34.0305
5704382356,9912,11550307,2,Phố Phan Chu Trinh,tertiary,37.0175
9912,6662352881,11550307,2,Phố Phan Chu Trinh,tertiary,37.0175
5704382356,8184202925,599635078,,Phố Phạm Sư Mạnh,residential,6.134
5704400882,9911,599647454,,Ngõ 312 Đường Bạch Đằng,residential,34.616
9911,5704400884,599647454,,Ngõ 312 Đường Bạch Đằng,residential,34.616
5704400882,9910,"[687098306, 599647455]",,Ngõ 300 Bạch Đằng,"['service', 'residential']",47.386
9910,5704400886,"[687098306, 599647455]",,Ngõ 300 Bạch Đằng,"['service', 'residential']",47.386
5704400884,6658015490,408489723,2,Đường Bạch Đằng,tertiary,40.707
5704400884,5704400886,408489723,2,Đường Bạch Đằng,tertiary,24.334
5704400884,9909,599647454,,Ngõ 312 Đường Bạch Đằng,residential,34.616
9909,5704400882,599647454,,Ngõ 312 Đường Bạch Đằng,residential,34.616
5704400886,5704400884,408489723,2,Đường Bạch Đằng,tertiary,24.334
5704400886,9908,408489723,2,Đường Bạch Đằng,tertiary,57.177
9908,443033372,408489723,2,Đường Bạch Đằng,tertiary,57.177
5704400886,9907,"[687098306, 599647455]",,Ngõ 300 Bạch Đằng,"['service', 'residential']",47.386
9907,5704400882,"[687098306, 599647455]",,Ngõ 300 Bạch Đằng,"['service', 'residential']",47.386
5704400890,9906,702910581,,Đường Hồng Hà,residential,35.237
9906,320410406,702910581,,Đường Hồng Hà,residential,35.237
5704400895,6408837604,408489723,2,Đường Bạch Đằng,tertiary,44.406
5704400895,6408837600,408489723,2,Đường Bạch Đằng,tertiary,43.104
5704543860,10142638719,29124255,,Vạn Kiếp,residential,3.93
5704543860,2474695878,600544651,,Vạn Kiếp,residential,6.198
5704543860,6685527207,711134700,2,Đường Nguyễn Khoái,primary,8.224
5704543860,6648288796,711134702,2,Đường Trần Khánh Dư,primary,7.84
5707054206,5707054208,684089070,,Phố Phạm Ngũ Lão,residential,41.944
5707054206,8817346153,684089070,,Phố Phạm Ngũ Lão,residential,28.267
5707054208,9905,684089070,,Phố Phạm Ngũ Lão,residential,34.197
9905,4022968801,684089070,,Phố Phạm Ngũ Lão,residential,34.197
5707054208,5707054206,684089070,,Phố Phạm Ngũ Lão,residential,41.944
5707054217,11217947433,953227391,2,Phố Phan Chu Trinh,tertiary,25.886
5707054217,5707060227,953227391,2,Phố Phan Chu Trinh,tertiary,33.999
5707060227,5707054217,953227391,2,Phố Phan Chu Trinh,tertiary,33.999
5707060227,9904,953227391,2,Phố Phan Chu Trinh,tertiary,43.19799999999999
9904,6662352882,953227391,2,Phố Phan Chu Trinh,tertiary,43.19799999999999
5707060234,11209277993,964674136,2,Phố Lê Thánh Tông,tertiary,16.32
5707060234,6644534248,964674136,2,Phố Lê Thánh Tông,tertiary,41.337
5707060235,9903,600022137,,,residential,44.68
9903,4022968801,600022137,,,residential,44.68
5707060240,5707060242,684089070,,Phố Phạm Ngũ Lão,residential,23.537
5707060240,7822814654,684089070,,Phố Phạm Ngũ Lão,residential,31.462
5707060241,9902,600022139,,,residential,31.3085
9902,5707060242,600022139,,,residential,31.3085
5707060242,9901,600022139,,,residential,31.3085
9901,5707060241,600022139,,,residential,31.3085
5707060242,9900,684089070,,Phố Phạm Ngũ Lão,residential,27.7125
9900,8817435380,684089070,,Phố Phạm Ngũ Lão,residential,27.7125
5707060242,5707060240,684089070,,Phố Phạm Ngũ Lão,residential,23.537
5707599742,9899,"[408489723, 29124255]",2,"['Đường Bạch Đằng', 'Vạn Kiếp']","['residential', 'tertiary']",147.952
9899,320410409,"[408489723, 29124255]",2,"['Đường Bạch Đằng', 'Vạn Kiếp']","['residential', 'tertiary']",147.952
5707599742,9898,408489723,2,Đường Bạch Đằng,tertiary,111.124
9898,6408837616,408489723,2,Đường Bạch Đằng,tertiary,111.124
5707599742,9897,600115696,,Ngõ 1081,residential,67.4025
9897,5707599746,600115696,,Ngõ 1081,residential,67.4025
5707599746,9896,600157694,,Đường Hồng Hà,residential,52.9285
9896,320410409,600157694,,Đường Hồng Hà,residential,52.9285
5707599746,9895,600115696,,Ngõ 1081,residential,67.4025
9895,5707599742,600115696,,Ngõ 1081,residential,67.4025
5707599746,9894,600157694,,Đường Hồng Hà,residential,107.226
9894,6408837613,600157694,,Đường Hồng Hà,residential,107.226
5707599770,9893,211930307,,Phố Đinh Công Tráng,residential,38.001999999999995
9893,2218568787,211930307,,Phố Đinh Công Tráng,residential,38.001999999999995
5707599770,6689701338,211930307,,Phố Đinh Công Tráng,residential,29.261
5707599771,6689701338,211930307,,Phố Đinh Công Tráng,residential,8.563
5707599771,6689701337,813360486,2,Phố Trần Hưng Đạo,secondary,36.079
5707599771,5707599788,1226365019,2,Phố Trần Hưng Đạo,secondary,43.279
5707599788,6689572371,1226365019,2,Phố Trần Hưng Đạo,secondary,42.495
5707599788,5707599771,1226365019,2,Phố Trần Hưng Đạo,secondary,43.279
5707599790,9892,11005894,1,Đường Trần Khánh Dư,secondary,44.516
9892,102987962,11005894,1,Đường Trần Khánh Dư,secondary,44.516
5707599790,10118488793,11550678,1,Đường Trần Khánh Dư,secondary,26.585
5707599790,10142638686,711132577,2,Đường Trần Khánh Dư,secondary,14.619
5707599797,6689486564,600115744,,Ngõ Phan Chu Trinh,residential,6.429
5707599797,9891,943964870,2,Phố Phan Chu Trinh,tertiary,26.5695
9891,6662352884,943964870,2,Phố Phan Chu Trinh,tertiary,26.5695
5707599797,9890,943964870,2,Phố Phan Chu Trinh,tertiary,57.873
9890,6685594996,943964870,2,Phố Phan Chu Trinh,tertiary,57.873
5707599801,8189781487,600115744,,Ngõ Phan Chu Trinh,residential,5.811
5707599801,6689701340,711525565,,Phố Phan Huy Chú,residential,40.98
5707599801,6689572378,711525565,,Phố Phan Huy Chú,residential,37.314
5707599805,8189781578,880504074,,,tertiary_link,25.225
5707599805,6689572377,943964869,2,Phố Trần Hưng Đạo,secondary,27.167
5707599805,6689572375,943964869,2,Phố Trần Hưng Đạo,secondary,11.461
5707599805,6689572376,11550985,2,Phố Hàn Thuyên,tertiary,31.562
5843520141,4902374735,399565639,2,Phố Lê Thánh Tông,tertiary,14.821
5843520141,993037624,85608570,2,,secondary,33.445
5843520141,993037639,946030643,2,,secondary,20.003
6352370306,9889,769787747,2,Phố Lê Thánh Tông,tertiary,81.138
9889,8324148623,769787747,2,Phố Lê Thánh Tông,tertiary,81.138
6352370306,102987961,832454962,2,Phố Lê Thánh Tông,tertiary,28.907
6385048445,9888,170810312,,Phố Vọng Đức,residential,35.5205
9888,2302090839,170810312,,Phố Vọng Đức,residential,35.5205
6385048445,8178545046,170810312,,Phố Vọng Đức,residential,40.117
6408551377,9887,684089069,,Ngõ 3B Phố Đặng Thái Thân,residential,28.3645
9887,10142034366,684089069,,Ngõ 3B Phố Đặng Thái Thân,residential,28.3645
6408837600,8713702409,408489723,2,Đường Bạch Đằng,tertiary,24.203
6408837600,6408837617,684117649,,Ngõ 364 Bạch Đằng,residential,20.339
6408837600,5704400895,408489723,2,Đường Bạch Đằng,tertiary,43.104
6408837604,5704400895,408489723,2,Đường Bạch Đằng,tertiary,44.406
6408837604,6658015490,408489723,2,Đường Bạch Đằng,tertiary,26.174
6408837604,6408837620,684117627,,Ngõ 338 Bạch Đằng,residential,32.935
6408837613,9886,600157694,,Đường Hồng Hà,residential,107.226
9886,5707599746,600157694,,Đường Hồng Hà,residential,107.226
6408837613,9885,600157694,,Đường Hồng Hà,residential,81.0555
9885,8713732018,600157694,,Đường Hồng Hà,residential,81.0555
6408837613,9884,684117637,,Ngõ 1009 Đường Hồng Hà,residential,57.4815
9884,6408837616,684117637,,Ngõ 1009 Đường Hồng Hà,residential,57.4815
6408837616,9883,408489723,2,Đường Bạch Đằng,tertiary,111.124
9883,5707599742,408489723,2,Đường Bạch Đằng,tertiary,111.124
6408837616,9882,408489723,2,Đường Bạch Đằng,tertiary,73.58249999999998
9882,8713702409,408489723,2,Đường Bạch Đằng,tertiary,73.58249999999998
6408837616,9881,684117637,,Ngõ 1009 Đường Hồng Hà,residential,57.4815
9881,6408837613,684117637,,Ngõ 1009 Đường Hồng Hà,residential,57.4815
6408837617,6408837600,684117649,,Ngõ 364 Bạch Đằng,residential,20.339
6408837620,6408837604,684117627,,Ngõ 338 Bạch Đằng,residential,32.935
6600251026,6600251027,711128282,1,Phố Tràng Tiền,secondary,22.772
6600251026,6600251031,954856204,4,Đường Trần Khánh Dư,primary,9.569
6600251026,438042806,954856205,4,Đường Trần Khánh Dư,primary,47.357000000000006
6600251027,6600251026,711128282,1,Phố Tràng Tiền,secondary,22.772
6600251027,6647207215,711128282,1,Phố Tràng Tiền,secondary,38.281
6600251028,6647207216,711128280,1,Phố Tràng Tiền,secondary,36.483
6600251028,6600251031,711128280,1,Phố Tràng Tiền,secondary,20.765
6600251029,6600251031,211897427,1,,primary_link,9.244
6600251029,9880,211897427,1,,primary_link,46.798
9880,438042805,211897427,1,,primary_link,46.798
6600251031,438042808,38134264,4,Đường Trần Quang Khải,primary,23.944
6600251031,6600251029,211897427,1,,primary_link,9.244
6600251031,6600251028,711128280,1,Phố Tràng Tiền,secondary,20.765
6600251031,6600251026,954856204,4,Đường Trần Khánh Dư,primary,9.569
6644037904,5704382344,684089070,,Phố Phạm Ngũ Lão,residential,39.215
6644037904,317968654,684089070,,Phố Phạm Ngũ Lão,residential,9.484
6644037905,317968654,28924660,,Phố Đặng Thái Thân,residential,8.187
6644037905,319490480,28924660,,Phố Đặng Thái Thân,residential,24.684
6644534244,9879,28924660,,Phố Đặng Thái Thân,residential,26.301
9879,4022981145,28924660,,Phố Đặng Thái Thân,residential,26.301
6644534244,6644534246,28924660,,Phố Đặng Thái Thân,residential,30.666
6644534246,6644534244,28924660,,Phố Đặng Thái Thân,residential,30.666
6644534246,102989116,28924660,,Phố Đặng Thái Thân,residential,15.712
6644534247,9878,954856202,2,Phố Hai Bà Trưng,tertiary,30.8775
9878,6662487547,954856202,2,Phố Hai Bà Trưng,tertiary,30.8775
6644534247,102989116,954856202,2,Phố Hai Bà Trưng,tertiary,21.565
6644534248,5707060234,964674136,2,Phố Lê Thánh Tông,tertiary,41.337
6644534248,102989116,964674136,2,Phố Lê Thánh Tông,tertiary,20.52
6646826309,75618029,9965723,2,Phố Tràng Tiền,secondary,15.408
6646826309,9877,9965723,2,Phố Tràng Tiền,secondary,32.699
9877,317367071,9965723,2,Phố Tràng Tiền,secondary,32.699
6646826310,75618029,1223365201,3,Phố Ngô Quyền,tertiary,15.069
6646826310,309597639,1223365201,3,Phố Ngô Quyền,tertiary,39.051
6646826311,9876,1223365293,2,Phố Tràng Tiền,secondary,33.207
9876,4022961195,1223365293,2,Phố Tràng Tiền,secondary,33.207
6646826311,75618029,1223365293,2,Phố Tràng Tiền,secondary,15.221
6647111311,9875,704147261,2,Phố Tràng Tiền,secondary,28.6995
9875,10586767710,704147261,2,Phố Tràng Tiền,secondary,28.6995
6647111311,317968648,711128281,1,Phố Tràng Tiền,secondary,8.962
6647111311,993037677,711128283,1,Phố Tràng Tiền,secondary,9.177
6647111314,2302089256,684089070,,Phố Phạm Ngũ Lão,residential,14.546
6647111314,5704382342,684089070,,Phố Phạm Ngũ Lão,residential,38.643
6647207214,993037677,28924658,,Phố Tông Đản,residential,8.338
6647207214,9874,28924658,,Phố Tông Đản,residential,38.667500000000004
9874,102985443,28924658,,Phố Tông Đản,residential,38.667500000000004
6647207215,6600251027,711128282,1,Phố Tràng Tiền,secondary,38.281
6647207215,445371197,711128282,1,Phố Tràng Tiền,secondary,19.568
6647207216,445371197,711128280,1,Phố Tràng Tiền,secondary,18.899
6647207216,6600251028,711128280,1,Phố Tràng Tiền,secondary,36.483
6648055354,81817652,965634323,2,,secondary,5.328
6648055354,10142649479,711128283,1,Phố Tràng Tiền,secondary,46.897
6648055354,993037624,954856203,2,,secondary,7.126
6648288794,102989116,399565639,2,Phố Lê Thánh Tông,tertiary,29.079
6648288794,9873,399565639,2,Phố Lê Thánh Tông,tertiary,36.502
9873,5704382355,399565639,2,Phố Lê Thánh Tông,tertiary,36.502
6648288796,5704543860,711134702,2,Đường Trần Khánh Dư,primary,7.84
6648288796,9872,"[28102704, 711134702]",2,Đường Trần Khánh Dư,primary,67.277
9872,2218334196,"[28102704, 711134702]",2,Đường Trần Khánh Dư,primary,67.277
6648288797,2474695878,711134701,2,Đường Trần Khánh Dư,primary,7.51
6648288797,9871,"[711134701, 711134054]",2,Đường Trần Khánh Dư,primary,66.2135
9871,10118488793,"[711134701, 711134054]",2,Đường Trần Khánh Dư,primary,66.2135
6658015489,6658015490,708544257,,Ngõ 328 Bạch Đằng,residential,39.879
6658015490,6408837604,408489723,2,Đường Bạch Đằng,tertiary,26.174
6658015490,5704400884,408489723,2,Đường Bạch Đằng,tertiary,40.707
6658015490,6658015489,708544257,,Ngõ 328 Bạch Đằng,residential,39.879
6662289397,98010335,838508585,2,Phố Trần Hưng Đạo,secondary,16.581
6662289397,9870,838508585,2,Phố Trần Hưng Đạo,secondary,84.3535
9870,6662355785,838508585,2,Phố Trần Hưng Đạo,secondary,84.3535
6662289398,98010335,769798549,3,Phố Ngô Quyền,tertiary,12.915
6662289398,9869,769798549,3,Phố Ngô Quyền,tertiary,64.9515
9869,1819499860,769798549,3,Phố Ngô Quyền,tertiary,64.9515
6662289399,4023430929,943964888,2,Phố Trần Hưng Đạo,secondary,44.348
6662289399,98010335,943964888,2,Phố Trần Hưng Đạo,secondary,16.3
6662352878,9868,953227392,2,Phố Lý Thường Kiệt,tertiary,56.1265
9868,4022961193,953227392,2,Phố Lý Thường Kiệt,tertiary,56.1265
6662352878,98012399,953227392,2,Phố Lý Thường Kiệt,tertiary,14.174
6662352879,98012399,601595920,2,Phố Lý Thường Kiệt,tertiary,16.807
6662352879,9867,601595920,2,Phố Lý Thường Kiệt,tertiary,58.0885
9867,8189781466,601595920,2,Phố Lý Thường Kiệt,tertiary,58.0885
6662352880,98012399,953227391,2,Phố Phan Chu Trinh,tertiary,18.905
6662352880,11217947433,953227391,2,Phố Phan Chu Trinh,tertiary,12.306
6662352881,9866,11550307,2,Phố Phan Chu Trinh,tertiary,37.0175
9866,5704382356,11550307,2,Phố Phan Chu Trinh,tertiary,37.0175
6662352881,98012399,11550307,2,Phố Phan Chu Trinh,tertiary,11.191
6662352882,98010926,953227391,2,Phố Phan Chu Trinh,tertiary,19.257
6662352882,9865,953227391,2,Phố Phan Chu Trinh,tertiary,43.19799999999999
9865,5707060227,953227391,2,Phố Phan Chu Trinh,tertiary,43.19799999999999
6662352883,98010926,943964869,2,Phố Trần Hưng Đạo,secondary,18.291
6662352883,9864,943964869,2,Phố Trần Hưng Đạo,secondary,59.699
9864,6689701342,943964869,2,Phố Trần Hưng Đạo,secondary,59.699
6662352884,98010926,943964870,2,Phố Phan Chu Trinh,tertiary,8.339
6662352884,9863,943964870,2,Phố Phan Chu Trinh,tertiary,26.5695
9863,5707599797,943964870,2,Phố Phan Chu Trinh,tertiary,26.5695
6662355785,98010926,838508585,2,Phố Trần Hưng Đạo,secondary,19.067
6662355785,9862,838508585,2,Phố Trần Hưng Đạo,secondary,84.3535
9862,6662289397,838508585,2,Phố Trần Hưng Đạo,secondary,84.3535
6662487543,993037757,605230286,2,Phố Tràng Tiền,secondary,30.344
6662487543,9861,605230286,2,Phố Tràng Tiền,secondary,43.001
9861,4022961195,605230286,2,Phố Tràng Tiền,secondary,43.001
6662487544,993037639,954856201,2,Phố Phan Chu Trinh,tertiary,34.017
6662487544,4022966515,954856201,2,Phố Phan Chu Trinh,tertiary,4.486
6662487546,102985688,11550307,2,Phố Phan Chu Trinh,tertiary,14.447
6662487546,9860,11550307,2,Phố Phan Chu Trinh,tertiary,34.0305
9860,5704382356,11550307,2,Phố Phan Chu Trinh,tertiary,34.0305
6662487547,102985688,954856202,2,Phố Hai Bà Trưng,tertiary,17.678
6662487547,9859,954856202,2,Phố Hai Bà Trưng,tertiary,30.8775
9859,6644534247,954856202,2,Phố Hai Bà Trưng,tertiary,30.8775
6662487548,9858,954856201,2,Phố Phan Chu Trinh,tertiary,36.537
9858,4022966515,954856201,2,Phố Phan Chu Trinh,tertiary,36.537
6662487548,102985688,954856201,2,Phố Phan Chu Trinh,tertiary,15.763
6662487549,9857,707060209,2,Phố Hai Bà Trưng,tertiary,52.6015
9857,4022961194,707060209,2,Phố Hai Bà Trưng,tertiary,52.6015
6662487549,102985688,707060209,2,Phố Hai Bà Trưng,tertiary,16.05
6676496647,317968666,28924665,2,Phố Trần Thánh Tông,tertiary,22.71
6676496647,6676496648,710131656,2,,tertiary_link,19.153
6676496647,9856,28924665,2,Phố Trần Thánh Tông,tertiary,272.511
9856,317968674,28924665,2,Phố Trần Thánh Tông,tertiary,272.511
6676496648,6676496647,710131656,2,,tertiary_link,19.153
6676496648,2218590791,1226366005,2,Phố Tăng Bạt Hổ,tertiary,43.177
6676496648,317968666,1226366005,2,Phố Tăng Bạt Hổ,tertiary,24.238
6684786556,98010042,605230289,3,Phố Ngô Quyền,tertiary,12.505
6684786556,9855,605230289,3,Phố Ngô Quyền,tertiary,56.85
9855,8184202960,605230289,3,Phố Ngô Quyền,tertiary,56.85
6684786558,98010042,769798547,2,Phố Hai Bà Trưng,tertiary,18.56
6684786558,9854,769798547,2,Phố Hai Bà Trưng,tertiary,30.0775
9854,4022961194,769798547,2,Phố Hai Bà Trưng,tertiary,30.0775
6685514072,10142638745,707452253,,,cycleway,45.512
6685514072,10142638735,707452253,,,cycleway,4.462
6685527205,11078984959,600115734,2,Đường Trần Khánh Dư,secondary,12.648
6685527205,102987956,600115734,2,Đường Trần Khánh Dư,secondary,16.358
6685527206,9853,711134699,2,Đường Nguyễn Khoái,primary,29.8395
9853,6685542593,711134699,2,Đường Nguyễn Khoái,primary,29.8395
6685527206,2474695878,711134699,2,Đường Nguyễn Khoái,primary,8.283
6685527207,5704543860,711134700,2,Đường Nguyễn Khoái,primary,8.224
6685527207,9852,711134700,2,Đường Nguyễn Khoái,primary,30.0055
9852,6685542594,711134700,2,Đường Nguyễn Khoái,primary,30.0055
6685542593,9851,711134699,2,Đường Nguyễn Khoái,primary,29.8395
9851,6685527206,711134699,2,Đường Nguyễn Khoái,primary,29.8395
6685542594,9850,711134700,2,Đường Nguyễn Khoái,primary,30.0055
9850,6685527207,711134700,2,Đường Nguyễn Khoái,primary,30.0055
6685556118,6689625505,28103280,2,Phố Hàm Long,residential,6.133
6685556118,9849,28103280,2,Phố Hàm Long,residential,36.9495
9849,10130015979,28103280,2,Phố Hàm Long,residential,36.9495
6685556118,10130015963,711134471,,Ngõ Hàm Long II,residential,4.972
6685594995,102986558,11550985,2,Phố Hàn Thuyên,tertiary,23.016
6685594995,9848,11550985,2,Phố Hàn Thuyên,tertiary,70.864
9848,6689572381,11550985,2,Phố Hàn Thuyên,tertiary,70.864
6685594996,102986558,711138761,2,Phố Phan Chu Trinh,tertiary,13.257
6685594996,9847,943964870,2,Phố Phan Chu Trinh,tertiary,57.873
9847,5707599797,943964870,2,Phố Phan Chu Trinh,tertiary,57.873
6685594997,102986558,711138757,2,Phố Lò Đúc,tertiary,19.103
6685594997,9846,464097835,2,Phố Lò Đúc,tertiary,242.52850000000004
9846,103001099,464097835,2,Phố Lò Đúc,tertiary,242.52850000000004
6685594998,98010336,28103280,2,Phố Hàm Long,residential,11.668
6685594998,9845,28103280,2,Phố Hàm Long,residential,47.2075
9845,6689625505,28103280,2,Phố Hàm Long,residential,47.2075
6689431163,6689431165,28103280,2,Phố Hàm Long,residential,4.9
6689431163,6689625507,28103280,2,Phố Hàm Long,residential,26.118
6689431164,6689431165,399627032,,Phố Nguyễn Chế Nghĩa,residential,4.744
6689431164,9844,399627032,,Phố Nguyễn Chế Nghĩa,residential,36.796
9844,9696654437,399627032,,Phố Nguyễn Chế Nghĩa,residential,36.796
6689431165,4023430927,28103280,2,Phố Hàm Long,residential,6.148
6689431165,6689431163,28103280,2,Phố Hàm Long,residential,4.9
6689431165,6689431164,399627032,,Phố Nguyễn Chế Nghĩa,residential,4.744
6689473460,6689625507,28103280,2,Phố Hàm Long,residential,14.839
6689473460,98010336,28103280,2,Phố Hàm Long,residential,17.538
6689473461,98010336,943964887,3,Phố Ngô Quyền,tertiary,11.118
6689473461,9843,943964887,3,Phố Ngô Quyền,tertiary,63.2085
9843,8184202876,943964887,3,Phố Ngô Quyền,tertiary,63.2085
6689486564,5707599797,600115744,,Ngõ Phan Chu Trinh,residential,6.429
6689486564,9842,600115744,,Ngõ Phan Chu Trinh,residential,69.0765
9842,8189781487,600115744,,Ngõ Phan Chu Trinh,residential,69.0765
6689572371,102987961,1226365019,2,Phố Trần Hưng Đạo,secondary,24.8
6689572371,5707599788,1226365019,2,Phố Trần Hưng Đạo,secondary,42.495
6689572373,102987961,59150901,4,Phố Trần Thánh Tông,tertiary,26.838
6689572373,2218590775,59150901,4,Phố Trần Thánh Tông,tertiary,11.584
6689572375,5707599805,943964869,2,Phố Trần Hưng Đạo,secondary,11.461
6689572375,102987961,943964869,2,Phố Trần Hưng Đạo,secondary,16.462
6689572376,9841,11550985,2,Phố Hàn Thuyên,tertiary,75.532
9841,6689572379,11550985,2,Phố Hàn Thuyên,tertiary,75.532
6689572376,5707599805,11550985,2,Phố Hàn Thuyên,tertiary,31.562
6689572377,9840,943964869,2,Phố Trần Hưng Đạo,secondary,62.2335
9840,6689701341,943964869,2,Phố Trần Hưng Đạo,secondary,62.2335
6689572377,5707599805,943964869,2,Phố Trần Hưng Đạo,secondary,27.167
6689572378,5707599801,711525565,,Phố Phan Huy Chú,residential,37.314
6689572378,102989711,711525565,,Phố Phan Huy Chú,residential,10.621
6689572379,102989711,11550985,2,Phố Hàn Thuyên,tertiary,12.877
6689572379,9839,11550985,2,Phố Hàn Thuyên,tertiary,75.53200000000001
9839,6689572376,11550985,2,Phố Hàn Thuyên,tertiary,75.53200000000001
6689572381,102989711,11550985,2,Phố Hàn Thuyên,tertiary,9.634
6689572381,9838,11550985,2,Phố Hàn Thuyên,tertiary,70.864
9838,6685594995,11550985,2,Phố Hàn Thuyên,tertiary,70.864
6689625504,10130015977,711514829,,Ngõ 1 Hàm Long,residential,18.509
6689625505,9837,28103280,2,Phố Hàm Long,residential,47.2075
9837,6685594998,28103280,2,Phố Hàm Long,residential,47.2075
6689625505,6685556118,28103280,2,Phố Hàm Long,residential,6.133
6689625505,10130015977,711514829,,Ngõ 1 Hàm Long,residential,3.574
6689625506,10130015946,711514830,,Ngõ 3 Hàm Long,residential,23.9
6689625507,6689431163,28103280,2,Phố Hàm Long,residential,26.118
6689625507,6689473460,28103280,2,Phố Hàm Long,residential,14.839
6689625507,10130015946,711514830,,Ngõ 3 Hàm Long,residential,4.106
6689625511,308717223,964674136,2,Phố Lê Thánh Tông,tertiary,4.61
6689625511,11209277993,964674136,2,Phố Lê Thánh Tông,tertiary,0.866
6689625512,9966134298,964674136,2,Phố Lê Thánh Tông,tertiary,11.876
6689625512,9836,964674136,2,Phố Lê Thánh Tông,tertiary,45.853
9836,308717223,964674136,2,Phố Lê Thánh Tông,tertiary,45.853
6689625513,102989719,601595920,2,Phố Lý Thường Kiệt,tertiary,44.191
6689625513,102989115,601595920,2,Phố Lý Thường Kiệt,tertiary,12.515
6689625514,8324148623,769787747,2,Phố Lê Thánh Tông,tertiary,38.327
6689625514,102989115,769787747,2,Phố Lê Thánh Tông,tertiary,15.35
6689668432,8041596083,953227390,2,Phố Lý Thường Kiệt,tertiary,38.659
6689668432,11379768509,"[1223385257, 953227390]","['3', '2']","['Phố Lý Thường Kiệt', 'Phố Hàng Bài']","['secondary', 'tertiary']",28.563
6689675996,308717223,28103437,,Phố Phan Huy Chú,residential,13.38
6689675996,9835,28103437,,Phố Phan Huy Chú,residential,36.011
9835,9966134316,28103437,,Phố Phan Huy Chú,residential,36.011
6689685037,98010040,1223385256,2,Phố Hai Bà Trưng,tertiary,16.391
6689685037,11379754650,1223385256,2,Phố Hai Bà Trưng,tertiary,48.679
6689685038,98010040,1223385257,3,Phố Hàng Bài,secondary,15.857
6689685038,9834,1223385257,3,Phố Hàng Bài,secondary,71.528
9834,11379768509,1223385257,3,Phố Hàng Bài,secondary,71.528
6689686491,98010334,953227392,2,Phố Lý Thường Kiệt,tertiary,15.53
6689686491,9833,953227392,2,Phố Lý Thường Kiệt,tertiary,29.3325
9833,4022961193,953227392,2,Phố Lý Thường Kiệt,tertiary,29.3325
6689686492,9832,953227390,2,Phố Lý Thường Kiệt,tertiary,55.2375
9832,8041596083,953227390,2,Phố Lý Thường Kiệt,tertiary,55.2375
6689686492,98010334,953227390,2,Phố Lý Thường Kiệt,tertiary,16.591
6689686493,98010334,769798548,3,Phố Ngô Quyền,tertiary,16.029
6689686493,9831,769798548,3,Phố Ngô Quyền,tertiary,34.763
9831,5704353665,769798548,3,Phố Ngô Quyền,tertiary,34.763
6689701337,5707599771,813360486,2,Phố Trần Hưng Đạo,secondary,36.079
6689701337,445371170,813360486,2,Phố Trần Hưng Đạo,secondary,25.64
6689701338,5707599771,211930307,,Phố Đinh Công Tráng,residential,8.563
6689701338,5707599770,211930307,,Phố Đinh Công Tráng,residential,29.261
6689701339,9830,28103437,,Phố Phan Huy Chú,residential,51.426
9830,8654073304,28103437,,Phố Phan Huy Chú,residential,51.426
6689701339,102989712,28103437,,Phố Phan Huy Chú,residential,14.629
6689701340,102989712,711525565,,Phố Phan Huy Chú,residential,19.001
6689701340,5707599801,711525565,,Phố Phan Huy Chú,residential,40.98
6689701341,102989712,943964869,2,Phố Trần Hưng Đạo,secondary,12.662
6689701341,9829,943964869,2,Phố Trần Hưng Đạo,secondary,62.2335
9829,6689572377,943964869,2,Phố Trần Hưng Đạo,secondary,62.2335
6689701342,9828,943964869,2,Phố Trần Hưng Đạo,secondary,59.699
9828,6662352883,943964869,2,Phố Trần Hưng Đạo,secondary,59.699
6689701342,102989712,943964869,2,Phố Trần Hưng Đạo,secondary,12.252
6689714426,9827,711372254,2,Phố Ngô Thì Nhậm,tertiary,51.6325
9827,8184202872,711372254,2,Phố Ngô Thì Nhậm,tertiary,51.6325
6689714426,6689714427,"[457131694, 711372254]",2,"['Phố Lê Văn Hưu', 'Phố Ngô Thì Nhậm']",tertiary,27.696
6689714427,9826,457131694,2,Phố Lê Văn Hưu,tertiary,99.987
9826,10130015981,457131694,2,Phố Lê Văn Hưu,tertiary,99.987
6689714427,6689714426,"[711372254, 457131694]",2,"['Phố Lê Văn Hưu', 'Phố Ngô Thì Nhậm']",tertiary,27.696
6689745530,9825,600115734,2,Đường Trần Khánh Dư,secondary,40.623999999999995
9825,995292117,600115734,2,Đường Trần Khánh Dư,secondary,40.623999999999995
6689745530,9824,600115734,2,Đường Trần Khánh Dư,secondary,198.6795
9824,11078984959,600115734,2,Đường Trần Khánh Dư,secondary,198.6795
6689745530,9823,1193580660,,,bridleway,209.3955
9823,11078984956,1193580660,,,bridleway,209.3955
7821910476,9822,38134265,4,Đường Trần Khánh Dư,primary,59.4225
9822,10118488798,38134265,4,Đường Trần Khánh Dư,primary,59.4225
7821910476,10118488788,838062937,4,Đường Trần Khánh Dư,primary,38.666
7821910479,10118488788,838062937,4,Đường Trần Khánh Dư,primary,23.705
7821910479,9821,838062938,4,Đường Trần Khánh Dư,primary,25.7
9821,84799897,838062938,4,Đường Trần Khánh Dư,primary,25.7
7822814654,5707060240,684089070,,Phố Phạm Ngũ Lão,residential,31.462
7822814654,9820,684089070,,Phố Phạm Ngũ Lão,residential,52.021
9820,4022968801,684089070,,Phố Phạm Ngũ Lão,residential,52.021
7822814658,10142638679,211930307,,Phố Đinh Công Tráng,residential,2.461
7822814658,8817349963,211930307,,Phố Đinh Công Tráng,residential,25.731
8041596083,6689668432,953227390,2,Phố Lý Thường Kiệt,tertiary,38.659
8041596083,9819,953227390,2,Phố Lý Thường Kiệt,tertiary,55.2375
9819,6689686492,953227390,2,Phố Lý Thường Kiệt,tertiary,55.2375
8176640954,9818,399561785,2,Phố Hai Bà Trưng,tertiary,78.819
9818,98009137,399561785,2,Phố Hai Bà Trưng,tertiary,78.819
8176640954,98010040,399561785,2,Phố Hai Bà Trưng,tertiary,17.654
8178544891,98010040,764854185,3,Phố Hàng Bài,secondary,15.346
8178544891,9817,"[764854185, 9965723]","['3', '2']","['Phố Tràng Tiền', 'Phố Hàng Bài']",secondary,124.0795
9817,8184606179,"[764854185, 9965723]","['3', '2']","['Phố Tràng Tiền', 'Phố Hàng Bài']",secondary,124.0795
8178544953,4023430929,399627032,,Phố Nguyễn Chế Nghĩa,residential,9.717
8178544953,9816,399627032,,Phố Nguyễn Chế Nghĩa,residential,32.127
9816,9696654437,399627032,,Phố Nguyễn Chế Nghĩa,residential,32.127
8178545045,1819499861,170810312,,Phố Vọng Đức,residential,6.41
8178545045,2302090839,170810312,,Phố Vọng Đức,residential,48.687
8178545046,6385048445,170810312,,Phố Vọng Đức,residential,40.117
8178545046,1819499860,170810312,,Phố Vọng Đức,residential,9.413
8184202872,9815,711372254,2,Phố Ngô Thì Nhậm,tertiary,51.6325
9815,6689714426,711372254,2,Phố Ngô Thì Nhậm,tertiary,51.6325
8184202872,98010336,711372254,2,Phố Ngô Thì Nhậm,tertiary,7.468
8184202876,9814,943964887,3,Phố Ngô Quyền,tertiary,63.2085
9814,6689473461,943964887,3,Phố Ngô Quyền,tertiary,63.2085
8184202876,98010335,943964887,3,Phố Ngô Quyền,tertiary,24.957
8184202898,1819499860,769798549,3,Phố Ngô Quyền,tertiary,30.423
8184202898,98010334,769798549,3,Phố Ngô Quyền,tertiary,21.571
8184202922,9813,599635078,,Phố Phạm Sư Mạnh,residential,34.795
9813,5704353664,599635078,,Phố Phạm Sư Mạnh,residential,34.795
8184202922,5704353665,599635078,,Phố Phạm Sư Mạnh,residential,7.737
8184202923,9812,399565363,,Phố Nguyễn Khắc Cần,residential,40.2
9812,5704353664,399565363,,Phố Nguyễn Khắc Cần,residential,40.2
8184202923,4022961193,399565363,,Phố Nguyễn Khắc Cần,residential,5.47
8184202924,4022961194,399565363,,Phố Nguyễn Khắc Cần,residential,5.595
8184202924,9811,399565363,,Phố Nguyễn Khắc Cần,residential,39.14
9811,5704353664,399565363,,Phố Nguyễn Khắc Cần,residential,39.14
8184202925,5704382356,599635078,,Phố Phạm Sư Mạnh,residential,6.134
8184202925,9810,599635078,,Phố Phạm Sư Mạnh,residential,57.838
9810,5704353664,599635078,,Phố Phạm Sư Mạnh,residential,57.838
8184202934,9809,769798548,3,Phố Ngô Quyền,tertiary,31.5885
9809,5704353665,769798548,3,Phố Ngô Quyền,tertiary,31.5885
8184202934,98010042,769798548,3,Phố Ngô Quyền,tertiary,21.302
8184202954,8716653468,769798551,,Phố Nguyễn Khắc Cần,residential,29.853
8184202954,4022961194,769798551,,Phố Nguyễn Khắc Cần,residential,4.537
8184202955,4022961195,769798551,,Phố Nguyễn Khắc Cần,residential,6.586
8184202955,9808,769798551,,Phố Nguyễn Khắc Cần,residential,26.9225
9808,4022966514,769798551,,Phố Nguyễn Khắc Cần,residential,26.9225
8184202956,4022966515,704147265,,Ngõ Tràng Tiền,residential,7.879
8184202956,9807,704147265,,Ngõ Tràng Tiền,residential,57.044
9807,4022966514,704147265,,Ngõ Tràng Tiền,residential,57.044
8184202960,75618029,605230289,3,Phố Ngô Quyền,tertiary,16.703
8184202960,9806,605230289,3,Phố Ngô Quyền,tertiary,56.85
9806,6684786556,605230289,3,Phố Ngô Quyền,tertiary,56.85
8184606179,317367071,9965723,2,Phố Tràng Tiền,secondary,9.739
8184606179,9805,"[764854185, 9965723]","['3', '2']","['Phố Tràng Tiền', 'Phố Hàng Bài']",secondary,124.0795
9805,8178544891,"[764854185, 9965723]","['3', '2']","['Phố Tràng Tiền', 'Phố Hàng Bài']",secondary,124.0795
8189781466,9804,601595920,2,Phố Lý Thường Kiệt,tertiary,58.0885
9804,6662352879,601595920,2,Phố Lý Thường Kiệt,tertiary,58.0885
8189781466,102989719,601595920,2,Phố Lý Thường Kiệt,tertiary,18.909
8189781468,9803,28103437,,Phố Phan Huy Chú,residential,28.982
9803,8654073304,28103437,,Phố Phan Huy Chú,residential,28.982
8189781468,102989719,28103437,,Phố Phan Huy Chú,residential,19.139
8189781487,9802,600115744,,Ngõ Phan Chu Trinh,residential,69.0765
9802,6689486564,600115744,,Ngõ Phan Chu Trinh,residential,69.0765
8189781487,5707599801,600115744,,Ngõ Phan Chu Trinh,residential,5.811
8189781573,102989711,11550869,,Phố Hàng Chuối,residential,10.188
8189781573,9801,11550869,,Phố Hàng Chuối,residential,239.67350000000005
9801,308717227,11550869,,Phố Hàng Chuối,residential,239.67350000000005
8189781578,10139319599,880504074,,,tertiary_link,15.32
8189781578,5707599805,880504074,,,tertiary_link,25.225
8324080738,9800,29046480,,Phố Cổ Tân,residential,29.1595
9800,81817652,29046480,,Phố Cổ Tân,residential,29.1595
8324080738,9799,29046480,,Phố Cổ Tân,residential,42.400999999999996
9799,102985443,29046480,,Phố Cổ Tân,residential,42.400999999999996
8324108045,5704382342,684089070,,Phố Phạm Ngũ Lão,residential,19.549
8324108045,9798,684089070,,Phố Phạm Ngũ Lão,residential,33.8825
9798,5704382344,684089070,,Phố Phạm Ngũ Lão,residential,33.8825
8324148623,9797,769787747,2,Phố Lê Thánh Tông,tertiary,81.138
9797,6352370306,769787747,2,Phố Lê Thánh Tông,tertiary,81.138
8324148623,6689625514,769787747,2,Phố Lê Thánh Tông,tertiary,38.327
8654073304,9796,28103437,,Phố Phan Huy Chú,residential,28.982
9796,8189781468,28103437,,Phố Phan Huy Chú,residential,28.982
8654073304,9795,28103437,,Phố Phan Huy Chú,residential,51.426
9795,6689701339,28103437,,Phố Phan Huy Chú,residential,51.426
8654073304,8666189582,933704902,,Ngõ Phan Huy Chú,residential,5.418
8654073305,9794,933704902,,Ngõ Phan Huy Chú,residential,49.761
9794,8666189582,933704902,,Ngõ Phan Huy Chú,residential,49.761
8666189582,8654073304,933704902,,Ngõ Phan Huy Chú,residential,5.418
8666189582,9793,933704902,,Ngõ Phan Huy Chú,residential,49.761
9793,8654073305,933704902,,Ngõ Phan Huy Chú,residential,49.761
8713702409,6408837600,408489723,2,Đường Bạch Đằng,tertiary,24.203
8713702409,9792,408489723,2,Đường Bạch Đằng,tertiary,73.58250000000001
9792,6408837616,408489723,2,Đường Bạch Đằng,tertiary,73.58250000000001
8713732018,10175009785,600157694,,Đường Hồng Hà,residential,44.269
8713732018,9791,600157694,,Đường Hồng Hà,residential,81.0555
9791,6408837613,600157694,,Đường Hồng Hà,residential,81.0555
8716653468,4022966514,769798551,,Phố Nguyễn Khắc Cần,residential,49.591
8716653468,8184202954,769798551,,Phố Nguyễn Khắc Cần,residential,29.853
8817346153,5707054206,684089070,,Phố Phạm Ngũ Lão,residential,28.267
8817346153,9790,684089070,,Phố Phạm Ngũ Lão,residential,32.5705
9790,2218568787,684089070,,Phố Phạm Ngũ Lão,residential,32.5705
8817349963,7822814658,211930307,,Phố Đinh Công Tráng,residential,25.731
8817349963,9789,211930307,,Phố Đinh Công Tráng,residential,25.3405
9789,8817349971,211930307,,Phố Đinh Công Tráng,residential,25.3405
8817349971,9788,211930307,,Phố Đinh Công Tráng,residential,25.3405
9788,8817349963,211930307,,Phố Đinh Công Tráng,residential,25.3405
8817349971,2218568787,211930307,,Phố Đinh Công Tráng,residential,13.461
8817435380,317968654,684089070,,Phố Phạm Ngũ Lão,residential,48.735
8817435380,9787,684089070,,Phố Phạm Ngũ Lão,residential,27.7125
9787,5707060242,684089070,,Phố Phạm Ngũ Lão,residential,27.7125
9696654437,9786,399627032,,Phố Nguyễn Chế Nghĩa,residential,32.127
9786,8178544953,399627032,,Phố Nguyễn Chế Nghĩa,residential,32.127
9696654437,9785,399627032,,Phố Nguyễn Chế Nghĩa,residential,36.796
9785,6689431164,399627032,,Phố Nguyễn Chế Nghĩa,residential,36.796
9966134298,102989115,964674136,2,Phố Lê Thánh Tông,tertiary,4.24
9966134298,6689625512,964674136,2,Phố Lê Thánh Tông,tertiary,11.876
9966134316,9784,28103437,,Phố Phan Huy Chú,residential,36.011
9784,6689675996,28103437,,Phố Phan Huy Chú,residential,36.011
9966134316,102989719,28103437,,Phố Phan Huy Chú,residential,9.75
10118488788,7821910479,838062937,4,Đường Trần Khánh Dư,primary,23.705
10118488788,7821910476,838062937,4,Đường Trần Khánh Dư,primary,38.666
10118488791,10142638734,838062935,2,Đường Trần Khánh Dư,primary,3.487
10118488791,9783,838062935,2,Đường Trần Khánh Dư,primary,27.925
9783,2218334196,838062935,2,Đường Trần Khánh Dư,primary,27.925
10118488793,2218334196,11550678,1,Đường Trần Khánh Dư,secondary,18.544
10118488793,10142638729,711134054,2,Đường Trần Khánh Dư,primary,13.067
10118488793,5707599790,11550678,1,Đường Trần Khánh Dư,secondary,26.585
10118488793,9782,"[711134701, 711134054]",2,Đường Trần Khánh Dư,primary,66.2135
9782,6648288797,"[711134701, 711134054]",2,Đường Trần Khánh Dư,primary,66.2135
10118488798,9781,38134265,4,Đường Trần Khánh Dư,primary,59.4225
9781,7821910476,38134265,4,Đường Trần Khánh Dư,primary,59.4225
10118488798,309653587,38134265,4,Đường Trần Khánh Dư,primary,38.292
10130015946,6689625506,711514830,,Ngõ 3 Hàm Long,residential,23.9
10130015946,6689625507,711514830,,Ngõ 3 Hàm Long,residential,4.106
10130015963,6685556118,711134471,,Ngõ Hàm Long II,residential,4.972
10130015963,9780,711134471,,Ngõ Hàm Long II,residential,32.6115
9780,10211803187,711134471,,Ngõ Hàm Long II,residential,32.6115
10130015977,6689625504,711514829,,Ngõ 1 Hàm Long,residential,18.509
10130015977,6689625505,711514829,,Ngõ 1 Hàm Long,residential,3.574
10130015979,9779,28103280,2,Phố Hàm Long,residential,36.9495
9779,6685556118,28103280,2,Phố Hàm Long,residential,36.9495
10130015979,102986558,28103280,2,Phố Hàm Long,residential,19.763
10130015981,102986558,457131694,2,Phố Lê Văn Hưu,tertiary,20.045
10130015981,9778,457131694,2,Phố Lê Văn Hưu,tertiary,99.987
9778,6689714427,457131694,2,Phố Lê Văn Hưu,tertiary,99.987
10139319557,442601282,813360486,2,Phố Trần Hưng Đạo,secondary,11.753
10139319557,9777,813360486,2,Phố Trần Hưng Đạo,secondary,46.692
9777,445371170,813360486,2,Phố Trần Hưng Đạo,secondary,46.692
10139319599,2218590775,880504074,,,tertiary_link,17.451
10139319599,8189781578,880504074,,,tertiary_link,15.32
10139319662,9776,211933296,,,residential,33.736000000000004
9776,2218590791,211933296,,,residential,33.736000000000004
10139319662,2218590775,211933296,,,residential,30.595
10142026275,317367071,28869504,,Phố Nguyễn Xí,residential,9.248
10142026275,9775,28869504,,Phố Nguyễn Xí,residential,26.2875
9775,309597640,28869504,,Phố Nguyễn Xí,residential,26.2875
10142034366,4022981145,684089069,,Ngõ 3B Phố Đặng Thái Thân,residential,4.548
10142034366,9774,684089069,,Ngõ 3B Phố Đặng Thái Thân,residential,28.3645
9774,6408551377,684089069,,Ngõ 3B Phố Đặng Thái Thân,residential,28.3645
10142626199,10142638698,600544652,,,steps,10.995
10142638679,102987953,211930307,,Phố Đinh Công Tráng,residential,7.502
10142638679,7822814658,211930307,,Phố Đinh Công Tráng,residential,2.461
10142638686,102987953,711132577,2,Đường Trần Khánh Dư,secondary,2.21
10142638686,5707599790,711132577,2,Đường Trần Khánh Dư,secondary,14.619
10142638698,2474695878,600544652,,,steps,3.948
10142638698,10142626199,600544652,,,steps,10.995
10142638719,320410409,29124255,,Vạn Kiếp,residential,10.288
10142638719,5704543860,29124255,,Vạn Kiếp,residential,3.93
10142638729,10118488793,711134054,2,Đường Trần Khánh Dư,primary,13.067
10142638729,10142638745,707452253,,,cycleway,6.293
10142638729,9773,711134054,2,Đường Trần Khánh Dư,primary,28.1385
9773,102987962,711134054,2,Đường Trần Khánh Dư,primary,28.1385
10142638734,10142638735,707452253,,,cycleway,6.375
10142638734,10118488791,838062935,2,Đường Trần Khánh Dư,primary,3.487
10142638734,9772,838062935,2,Đường Trần Khánh Dư,primary,51.112
9772,84799736,838062935,2,Đường Trần Khánh Dư,primary,51.112
10142638735,10142638734,707452253,,,cycleway,6.375
10142638735,6685514072,707452253,,,cycleway,4.462
10142638745,10142638729,707452253,,,cycleway,6.293
10142638745,6685514072,707452253,,,cycleway,45.512
10142638747,102987962,838062938,4,Đường Trần Khánh Dư,primary,7.453
10142638747,9771,838062938,4,Đường Trần Khánh Dư,primary,56.6605
9771,84799897,838062938,4,Đường Trần Khánh Dư,primary,56.6605
10142638778,438042806,211897425,1,,primary_link,20.367
10142638778,9770,211897425,1,,primary_link,38.974000000000004
9770,84799740,211897425,1,,primary_link,38.974000000000004
10142638810,84799736,211898685,1,,primary_link,17.509
10142638810,9769,211898685,1,,primary_link,69.71449999999999
9769,84799897,211898685,1,,primary_link,69.71449999999999
10142649478,9768,711128281,1,Phố Tràng Tiền,secondary,33.7205
9768,317968648,711128281,1,Phố Tràng Tiền,secondary,33.7205
10142649478,2302089248,711128281,1,Phố Tràng Tiền,secondary,32.018
10142649479,6648055354,711128283,1,Phố Tràng Tiền,secondary,46.89699999999999
10142649479,9767,711128283,1,Phố Tràng Tiền,secondary,33.6785
9767,993037677,711128283,1,Phố Tràng Tiền,secondary,33.6785
10175009785,8713732018,600157694,,Đường Hồng Hà,residential,44.269
10175009785,9766,600157694,,Đường Hồng Hà,residential,62.1205
9766,309653586,600157694,,Đường Hồng Hà,residential,62.1205
10211803187,9765,711134471,,Ngõ Hàm Long II,residential,32.6115
9765,10130015963,711134471,,Ngõ Hàm Long II,residential,32.6115
10586767710,9764,704147261,2,Phố Tràng Tiền,secondary,28.6995
9764,6647111311,704147261,2,Phố Tràng Tiền,secondary,28.6995
10586767710,2302089256,704147261,2,Phố Tràng Tiền,secondary,9.884
10586767712,445371197,37933056,1,,primary_link,15.957
10586767712,9763,"[37933056, 38134264]","['1', '4']",Đường Trần Quang Khải,"['primary_link', 'primary']",109.4585
9763,438042808,"[37933056, 38134264]","['1', '4']",Đường Trần Quang Khải,"['primary_link', 'primary']",109.4585
10586767714,319490478,11550267,,Phố Lý Đạo Thành,residential,8.644
10586767714,9762,11550267,,Phố Lý Đạo Thành,residential,68.4475
9762,102985443,11550267,,Phố Lý Đạo Thành,residential,68.4475
10988320675,309653586,28191490,,Phố Cầu Đất,residential,5.576
10988320675,9761,28191490,,Phố Cầu Đất,residential,102.31150000000002
9761,443033372,28191490,,Phố Cầu Đất,residential,102.31150000000002
11078984956,11078984959,1193580660,,,bridleway,4.118
11078984956,9760,1193580660,,,bridleway,209.39550000000003
9760,6689745530,1193580660,,,bridleway,209.39550000000003
11078984959,6685527205,600115734,2,Đường Trần Khánh Dư,secondary,12.648
11078984959,11078984956,1193580660,,,bridleway,4.118
11078984959,9759,600115734,2,Đường Trần Khánh Dư,secondary,198.6795
9759,6689745530,600115734,2,Đường Trần Khánh Dư,secondary,198.6795
11209277993,6689625511,964674136,2,Phố Lê Thánh Tông,tertiary,0.866
11209277993,5707060234,964674136,2,Phố Lê Thánh Tông,tertiary,16.32
11209277993,11209277999,1209927343,,Ngõ 6 Lê Thánh Tông,residential,39.506
11209277995,11209277996,1209927343,,Ngõ 6 Lê Thánh Tông,residential,15.181
11209277996,11209277995,1209927343,,Ngõ 6 Lê Thánh Tông,residential,15.181
11209277996,11209277999,1209927343,,Ngõ 6 Lê Thánh Tông,residential,35.385000000000005
11209277999,11209277993,1209927343,,Ngõ 6 Lê Thánh Tông,residential,39.506
11209277999,11209277996,1209927343,,Ngõ 6 Lê Thánh Tông,residential,35.385000000000005
11217947433,6662352880,953227391,2,Phố Phan Chu Trinh,tertiary,12.306
11217947433,5707054217,953227391,2,Phố Phan Chu Trinh,tertiary,25.886
11379754649,9758,1223385256,2,Phố Hai Bà Trưng,tertiary,56.8635
9758,11379754650,1223385256,2,Phố Hai Bà Trưng,tertiary,56.8635
11379754649,98010042,1223385256,2,Phố Hai Bà Trưng,tertiary,20.727
11379754650,6689685037,1223385256,2,Phố Hai Bà Trưng,tertiary,48.679
11379754650,9757,1223385256,2,Phố Hai Bà Trưng,tertiary,56.8635
9757,11379754649,1223385256,2,Phố Hai Bà Trưng,tertiary,56.8635
11379768509,9756,1223385257,3,Phố Hàng Bài,secondary,71.528
9756,6689685038,1223385257,3,Phố Hàng Bài,secondary,71.528
11379768509,6689668432,"[1223385257, 953227390]","['3', '2']","['Phố Lý Thường Kiệt', 'Phố Hàng Bài']","['secondary', 'tertiary']",28.563
